batch_id,step_hour,temperature,ph,dissolved_oxygen,turbidity,co2_concentration,light_intensity,water_level,previous_biomass,target_biomass
ZENODO-BATCH-01,0,25.72,8.39,6.74,20.05,505.5,770.2,0.339,0.444,0.464
ZENODO-BATCH-01,1,21.97,8.68,6.86,20.1,391.4,867.0,0.335,0.464,0.436
ZENODO-BATCH-01,2,26.93,8.52,7.3,19.79,477.7,1180.7,0.34,0.436,0.496
ZENODO-BATCH-01,3,29.23,7.96,6.77,22.22,452.7,536.1,0.35,0.496,0.557
ZENODO-BATCH-01,4,25.34,8.74,7.37,21.23,513.7,1220.1,0.368,0.557,0.56
ZENODO-BATCH-01,5,30.43,8.01,6.3,26.07,420.4,477.6,0.353,0.56,0.627
ZENODO-BATCH-01,6,30.74,8.59,5.99,25.26,431.9,682.7,0.372,0.627,0.673
ZENODO-BATCH-01,7,31.45,7.85,6.37,29.72,473.3,870.3,0.348,0.673,0.739
ZENODO-BATCH-01,8,32.24,8.4,6.88,24.0,418.6,1327.0,0.349,0.739,0.81
ZENODO-BATCH-01,9,30.76,8.26,6.57,29.18,392.7,623.8,0.365,0.81,0.878
ZENODO-BATCH-01,10,29.75,8.77,8.3,30.39,474.2,766.3,0.354,0.878,0.948
ZENODO-BATCH-01,11,27.86,8.08,5.08,31.67,446.9,949.3,0.357,0.948,1.045
ZENODO-BATCH-01,12,29.63,8.18,6.45,34.93,369.0,758.7,0.378,1.045,1.123
ZENODO-BATCH-01,13,25.82,7.8,6.67,38.14,440.5,738.4,0.35,1.123,1.173
ZENODO-BATCH-01,14,27.06,8.06,7.81,35.48,459.7,781.2,0.327,1.173,1.28
ZENODO-BATCH-01,15,26.5,8.87,6.5,38.68,522.7,972.9,0.352,1.28,1.342
ZENODO-BATCH-01,16,32.77,8.64,7.72,43.13,443.6,721.6,0.326,1.342,1.372
ZENODO-BATCH-01,17,30.05,8.18,6.91,45.32,420.2,650.1,0.361,1.372,1.49
ZENODO-BATCH-01,18,31.91,9.39,6.05,48.68,450.7,661.6,0.374,1.49,1.258
ZENODO-BATCH-01,19,30.04,8.8,7.34,42.82,498.1,760.7,0.326,1.258,1.345
ZENODO-BATCH-01,20,30.34,7.82,7.82,42.86,409.1,584.8,0.375,1.345,1.441
ZENODO-BATCH-01,21,26.33,8.32,7.9,47.33,425.3,473.4,0.345,1.441,1.523
ZENODO-BATCH-01,22,35.34,8.29,6.43,45.63,458.4,466.8,0.37,1.523,1.293
ZENODO-BATCH-01,23,28.19,8.58,8.04,37.67,495.0,638.6,0.343,1.293,1.377
ZENODO-BATCH-01,24,30.28,8.29,7.38,45.47,539.3,833.4,0.334,1.377,1.498
ZENODO-BATCH-01,25,30.68,8.73,7.92,45.87,522.2,547.4,0.338,1.498,1.569
ZENODO-BATCH-01,26,28.56,8.64,8.26,47.21,460.3,978.7,0.37,1.569,1.67
ZENODO-BATCH-01,27,25.62,7.57,7.17,43.37,421.5,749.7,0.339,1.67,1.714
ZENODO-BATCH-01,28,27.46,8.29,8.45,51.36,444.9,559.2,0.353,1.714,1.796
ZENODO-BATCH-01,29,34.47,9.08,7.21,54.66,497.3,965.4,0.359,1.796,1.52
ZENODO-BATCH-01,30,27.39,7.5,6.93,46.39,534.8,581.1,0.344,1.52,1.546
ZENODO-BATCH-01,31,30.86,8.82,6.14,43.82,534.3,787.9,0.387,1.546,1.588
ZENODO-BATCH-01,32,27.91,9.09,6.16,40.95,418.0,716.5,0.348,1.588,1.602
ZENODO-BATCH-01,33,32.36,8.85,7.25,48.46,439.0,696.9,0.397,1.602,1.652
ZENODO-BATCH-01,34,27.99,8.28,5.68,46.5,465.7,836.5,0.376,1.652,1.806
ZENODO-BATCH-01,35,30.22,8.28,6.81,54.39,455.1,799.1,0.354,1.806,1.915
ZENODO-BATCH-01,36,26.94,8.09,7.49,52.24,525.4,891.4,0.362,1.915,2.032
ZENODO-BATCH-01,37,29.88,7.93,6.66,61.36,405.1,398.2,0.373,2.032,2.105
ZENODO-BATCH-01,38,27.48,8.37,6.78,57.59,501.9,722.2,0.369,2.105,2.216
ZENODO-BATCH-01,39,27.82,7.97,5.77,64.37,507.9,1064.2,0.341,2.216,2.301
ZENODO-BATCH-01,40,30.43,8.55,5.53,61.69,459.6,594.2,0.385,2.301,2.385
ZENODO-BATCH-01,41,30.03,8.86,7.65,67.93,469.2,642.0,0.367,2.385,2.422
ZENODO-BATCH-01,42,26.84,8.86,6.96,63.24,530.7,353.3,0.35,2.422,2.451
ZENODO-BATCH-01,43,31.68,8.6,6.04,64.89,464.0,808.7,0.333,2.451,2.509
ZENODO-BATCH-01,44,28.67,8.69,9.02,65.9,462.4,805.3,0.358,2.509,2.596
ZENODO-BATCH-01,45,31.5,9.07,6.04,68.64,503.9,700.0,0.366,2.596,2.593
ZENODO-BATCH-01,46,31.08,7.44,7.66,71.27,476.3,375.7,0.369,2.593,2.636
ZENODO-BATCH-01,47,30.25,8.19,7.44,71.01,447.3,706.7,0.328,2.636,2.701
ZENODO-BATCH-01,48,29.19,8.38,7.11,72.2,419.4,278.6,0.349,2.701,2.749
ZENODO-BATCH-01,49,32.29,8.39,6.11,75.66,388.0,663.7,0.361,2.749,2.804
ZENODO-BATCH-01,50,26.43,8.11,7.29,74.2,552.1,763.6,0.381,2.804,2.862
ZENODO-BATCH-01,51,31.07,8.32,8.39,73.66,447.9,536.3,0.368,2.862,2.891
ZENODO-BATCH-01,52,24.17,8.9,7.36,74.14,453.8,879.5,0.307,2.891,2.918
ZENODO-BATCH-01,53,30.95,8.4,6.97,76.18,495.8,717.4,0.317,2.918,2.956
ZENODO-BATCH-01,54,31.31,7.6,6.32,79.27,456.6,697.9,0.36,2.956,2.967
ZENODO-BATCH-01,55,33.64,8.11,6.55,72.97,438.6,639.6,0.339,2.967,2.52
ZENODO-BATCH-01,56,28.64,7.22,7.61,69.99,461.9,701.6,0.374,2.52,2.529
ZENODO-BATCH-01,57,26.66,8.51,9.1,65.76,404.7,621.5,0.344,2.529,2.547
ZENODO-BATCH-01,58,30.63,7.81,6.42,72.61,503.6,725.2,0.352,2.547,2.568
ZENODO-BATCH-01,59,26.47,7.84,6.35,66.18,457.8,686.4,0.337,2.568,2.61
ZENODO-BATCH-01,60,29.05,8.66,6.5,76.54,489.4,910.0,0.35,2.61,2.683
ZENODO-BATCH-01,61,27.4,8.96,8.32,65.28,429.9,650.1,0.324,2.683,2.72
ZENODO-BATCH-01,62,28.57,8.31,6.83,70.69,449.3,654.9,0.337,2.72,2.774
ZENODO-BATCH-01,63,26.43,8.0,7.51,73.74,490.8,269.5,0.348,2.774,2.806
ZENODO-BATCH-01,64,26.69,8.01,8.83,76.53,469.3,815.1,0.382,2.806,2.835
ZENODO-BATCH-01,65,27.09,7.8,6.83,69.8,336.7,770.4,0.344,2.835,2.878
ZENODO-BATCH-01,66,25.65,8.37,7.08,73.51,387.5,1221.1,0.342,2.878,2.916
ZENODO-BATCH-01,67,31.27,8.6,5.78,76.66,569.5,589.8,0.329,2.916,2.942
ZENODO-BATCH-01,68,29.72,8.96,6.72,75.77,465.1,698.4,0.362,2.942,2.952
ZENODO-BATCH-01,69,29.86,8.72,6.98,76.19,476.2,322.5,0.369,2.952,2.989
ZENODO-BATCH-01,70,26.81,7.25,5.94,77.04,422.0,909.3,0.35,2.989,3.007
ZENODO-BATCH-01,71,30.73,8.29,7.33,75.53,472.9,560.7,0.361,3.007,3.024
ZENODO-BATCH-01,72,29.77,8.81,6.81,75.25,463.7,893.9,0.358,3.024,3.027
ZENODO-BATCH-01,73,32.27,8.43,8.23,77.31,497.3,657.4,0.341,3.027,3.033
ZENODO-BATCH-01,74,30.91,8.69,5.89,75.55,505.4,969.5,0.356,3.033,3.041
ZENODO-BATCH-01,75,28.93,8.63,7.34,78.29,355.4,559.6,0.403,3.041,3.057
ZENODO-BATCH-01,76,32.96,8.52,7.4,75.23,479.9,759.0,0.327,3.057,3.094
ZENODO-BATCH-01,77,28.96,8.3,9.23,78.3,495.1,703.8,0.36,3.094,3.108
ZENODO-BATCH-01,78,31.18,7.99,7.02,84.19,355.6,873.4,0.363,3.108,3.106
ZENODO-BATCH-01,79,24.74,8.13,7.19,82.75,453.3,517.4,0.324,3.106,3.109
ZENODO-BATCH-01,80,31.2,7.42,6.56,80.4,483.3,536.9,0.347,3.109,3.115
ZENODO-BATCH-01,81,26.81,8.32,7.11,88.24,490.3,579.1,0.353,3.115,3.108
ZENODO-BATCH-01,82,31.97,7.05,6.26,81.25,404.2,345.9,0.354,3.108,3.105
ZENODO-BATCH-01,83,28.13,8.49,6.91,81.77,400.3,870.0,0.349,3.105,3.106
ZENODO-BATCH-01,84,28.28,8.26,7.28,81.83,427.2,593.2,0.347,3.106,3.103
ZENODO-BATCH-01,85,27.62,8.15,7.39,85.21,417.7,866.5,0.355,3.103,3.102
ZENODO-BATCH-01,86,26.86,7.83,6.21,84.19,539.4,419.4,0.334,3.102,3.084
ZENODO-BATCH-01,87,30.39,7.61,5.8,82.76,362.4,944.4,0.339,3.084,3.093
ZENODO-BATCH-01,88,27.66,8.86,6.7,76.18,490.3,1107.9,0.342,3.093,3.103
ZENODO-BATCH-01,89,24.43,8.5,6.82,85.13,492.3,1081.0,0.361,3.103,3.132
ZENODO-BATCH-01,90,25.99,8.48,7.51,79.86,496.3,691.5,0.303,3.132,3.141
ZENODO-BATCH-01,91,24.91,8.51,8.27,82.82,424.1,445.7,0.332,3.141,3.118
ZENODO-BATCH-01,92,33.7,8.11,7.69,80.58,468.1,737.2,0.32,3.118,2.644
ZENODO-BATCH-01,93,24.28,8.69,7.34,76.09,470.9,656.6,0.343,2.644,2.659
ZENODO-BATCH-01,94,24.61,8.07,6.33,65.21,484.0,810.0,0.369,2.659,2.704
ZENODO-BATCH-01,95,25.2,8.15,7.85,75.35,465.4,911.6,0.362,2.704,2.754
ZENODO-BATCH-01,96,27.37,8.53,7.85,73.93,457.4,445.2,0.353,2.754,2.789
ZENODO-BATCH-01,97,31.32,8.21,6.08,70.23,499.9,636.2,0.36,2.789,2.851
ZENODO-BATCH-01,98,27.85,8.31,6.68,77.33,373.2,794.3,0.371,2.851,2.899
ZENODO-BATCH-01,99,25.13,8.51,8.18,74.25,462.1,848.4,0.336,2.899,2.88
ZENODO-BATCH-02,0,27.39,8.9,6.86,19.12,436.5,1004.3,0.344,0.507,0.522
ZENODO-BATCH-02,1,25.99,7.9,8.44,26.44,470.5,713.8,0.33,0.522,0.557
ZENODO-BATCH-02,2,28.38,8.55,7.33,25.12,477.2,517.9,0.36,0.557,0.647
ZENODO-BATCH-02,3,26.91,8.01,6.69,30.5,435.0,607.8,0.374,0.647,0.696
ZENODO-BATCH-02,4,26.42,8.46,7.36,31.95,488.5,620.6,0.32,0.696,0.777
ZENODO-BATCH-02,5,26.97,8.08,7.73,28.56,475.1,771.5,0.39,0.777,0.84
ZENODO-BATCH-02,6,25.05,7.92,6.79,30.43,540.8,714.0,0.354,0.84,0.899
ZENODO-BATCH-02,7,34.82,8.01,7.75,33.53,507.0,631.9,0.387,0.899,0.761
ZENODO-BATCH-02,8,29.98,8.75,8.05,32.89,482.8,867.7,0.373,0.761,0.828
ZENODO-BATCH-02,9,28.08,8.32,7.49,30.3,423.2,937.2,0.342,0.828,0.941
ZENODO-BATCH-02,10,28.98,8.27,7.72,31.78,493.6,475.2,0.393,0.941,1.037
ZENODO-BATCH-02,11,29.12,8.96,7.69,33.47,472.6,702.8,0.354,1.037,1.084
ZENODO-BATCH-02,12,31.18,7.79,8.16,34.17,428.5,743.9,0.32,1.084,1.157
ZENODO-BATCH-02,13,32.41,8.22,6.04,38.77,544.7,620.1,0.306,1.157,1.214
ZENODO-BATCH-02,14,25.95,8.57,6.18,40.66,434.6,763.9,0.367,1.214,1.273
ZENODO-BATCH-02,15,33.12,7.77,7.16,39.28,428.9,445.4,0.355,1.273,1.311
ZENODO-BATCH-02,16,25.37,8.9,7.47,42.55,510.3,705.2,0.359,1.311,1.348
ZENODO-BATCH-02,17,30.11,8.85,7.13,39.63,491.9,755.4,0.379,1.348,1.436
ZENODO-BATCH-02,18,28.4,7.61,7.87,42.25,429.4,743.1,0.337,1.436,1.477
ZENODO-BATCH-02,19,27.37,7.16,7.83,41.59,494.2,434.9,0.359,1.477,1.494
ZENODO-BATCH-02,20,28.49,7.73,7.02,45.49,499.5,990.6,0.351,1.494,1.559
ZENODO-BATCH-02,21,27.88,7.94,8.64,44.58,447.4,539.7,0.363,1.559,1.665
ZENODO-BATCH-02,22,32.0,8.67,7.76,51.32,430.9,730.7,0.358,1.665,1.731
ZENODO-BATCH-02,23,31.12,8.01,8.86,55.29,468.9,957.1,0.336,1.731,1.835
ZENODO-BATCH-02,24,26.87,8.03,7.62,52.3,479.1,662.3,0.339,1.835,1.96
ZENODO-BATCH-02,25,32.82,8.45,7.69,54.35,465.4,726.8,0.33,1.96,1.988
ZENODO-BATCH-02,26,29.5,8.54,6.22,56.41,530.8,633.0,0.321,1.988,2.101
ZENODO-BATCH-02,27,32.71,8.04,7.06,60.18,458.3,914.2,0.368,2.101,2.136
ZENODO-BATCH-02,28,32.19,8.87,7.6,57.34,477.8,607.4,0.355,2.136,2.158
ZENODO-BATCH-02,29,28.44,8.78,7.82,62.92,443.3,817.8,0.293,2.158,2.198
ZENODO-BATCH-02,30,27.59,7.75,6.83,60.22,512.2,487.0,0.357,2.198,2.27
ZENODO-BATCH-02,31,28.69,7.67,5.95,66.44,437.8,899.3,0.341,2.27,2.352
ZENODO-BATCH-02,32,27.63,8.09,7.51,66.83,553.5,662.1,0.359,2.352,2.445
ZENODO-BATCH-02,33,27.85,8.16,7.78,67.99,458.3,707.1,0.351,2.445,2.528
ZENODO-BATCH-02,34,28.7,7.35,8.0,73.88,475.6,884.9,0.292,2.528,2.554
ZENODO-BATCH-02,35,31.27,7.78,6.7,67.62,412.6,830.3,0.388,2.554,2.605
ZENODO-BATCH-02,36,30.68,8.47,9.12,69.91,476.4,747.1,0.349,2.605,2.681
ZENODO-BATCH-02,37,31.26,8.78,8.51,71.89,408.6,835.0,0.327,2.681,2.701
ZENODO-BATCH-02,38,28.34,8.4,8.49,70.69,479.0,777.8,0.359,2.701,2.778
ZENODO-BATCH-02,39,31.47,7.7,6.96,72.67,491.6,827.5,0.378,2.778,2.81
ZENODO-BATCH-02,40,28.07,8.26,8.48,70.85,395.2,522.7,0.333,2.81,2.823
ZENODO-BATCH-02,41,26.9,7.65,6.65,77.05,505.4,1015.6,0.395,2.823,2.847
ZENODO-BATCH-02,42,22.25,9.28,8.02,78.79,386.0,469.9,0.399,2.847,2.856
ZENODO-BATCH-02,43,29.99,8.63,7.28,72.57,472.7,856.6,0.349,2.856,2.888
ZENODO-BATCH-02,44,24.27,8.21,7.34,78.29,410.3,542.1,0.378,2.888,2.878
ZENODO-BATCH-02,45,26.03,8.67,7.64,75.63,449.9,543.2,0.331,2.878,2.877
ZENODO-BATCH-02,46,27.0,8.39,7.18,75.97,479.8,433.3,0.361,2.877,2.928
ZENODO-BATCH-02,47,28.81,8.06,7.24,74.31,484.4,742.0,0.351,2.928,2.957
ZENODO-BATCH-02,48,24.99,9.04,6.63,76.17,428.8,496.1,0.368,2.957,2.98
ZENODO-BATCH-02,49,26.82,8.38,6.25,79.46,556.5,569.6,0.356,2.98,3.01
ZENODO-BATCH-02,50,28.04,8.19,7.97,76.55,453.4,727.9,0.394,3.01,3.016
ZENODO-BATCH-02,51,28.28,9.41,8.54,80.06,533.8,575.3,0.339,3.016,2.58
ZENODO-BATCH-02,52,27.55,8.16,6.68,68.86,414.3,615.3,0.326,2.58,2.634
ZENODO-BATCH-02,53,29.08,7.55,5.61,73.63,497.5,779.6,0.357,2.634,2.655
ZENODO-BATCH-02,54,32.68,8.44,7.65,72.03,457.5,593.1,0.352,2.655,2.673
ZENODO-BATCH-02,55,28.92,7.61,6.61,74.08,419.3,700.0,0.375,2.673,2.721
ZENODO-BATCH-02,56,25.77,8.11,9.06,72.44,466.4,938.4,0.358,2.721,2.757
ZENODO-BATCH-02,57,28.83,8.18,6.57,67.15,503.1,847.5,0.323,2.757,2.828
ZENODO-BATCH-02,58,25.74,7.28,7.2,74.46,572.2,789.9,0.367,2.828,2.835
ZENODO-BATCH-02,59,30.8,8.12,6.67,73.85,474.5,768.1,0.37,2.835,2.867
ZENODO-BATCH-02,60,29.84,7.85,8.07,75.0,459.6,725.1,0.359,2.867,2.916
ZENODO-BATCH-02,61,31.98,8.5,6.35,74.32,401.0,721.9,0.344,2.916,2.935
ZENODO-BATCH-02,62,28.64,8.49,7.25,73.75,481.9,707.3,0.31,2.935,2.966
ZENODO-BATCH-02,63,25.48,8.52,7.03,77.7,514.8,995.5,0.38,2.966,2.978
ZENODO-BATCH-02,64,26.97,8.11,7.33,78.83,467.7,650.1,0.35,2.978,3.021
ZENODO-BATCH-02,65,30.87,7.58,6.11,74.95,502.0,260.3,0.346,3.021,3.003
ZENODO-BATCH-02,66,29.85,8.59,6.76,73.63,343.4,616.2,0.358,3.003,3.025
ZENODO-BATCH-02,67,28.46,8.51,8.16,78.47,416.2,741.5,0.347,3.025,3.033
ZENODO-BATCH-02,68,27.39,7.85,6.1,83.14,537.0,688.9,0.318,3.033,3.048
ZENODO-BATCH-02,69,26.83,8.72,7.74,85.53,542.2,611.0,0.34,3.048,3.051
ZENODO-BATCH-02,70,30.36,8.38,7.23,80.5,530.3,954.3,0.335,3.051,3.062
ZENODO-BATCH-02,71,33.53,8.31,6.12,82.97,468.3,654.2,0.331,3.062,2.596
ZENODO-BATCH-02,72,25.88,8.49,8.0,64.85,492.4,933.4,0.335,2.596,2.663
ZENODO-BATCH-02,73,27.69,8.14,7.56,68.66,485.0,959.1,0.393,2.663,2.746
ZENODO-BATCH-02,74,28.64,8.37,7.63,71.32,482.9,995.1,0.371,2.746,2.797
ZENODO-BATCH-02,75,25.89,7.37,7.02,74.46,410.4,1090.1,0.344,2.797,2.821
ZENODO-BATCH-02,76,30.65,7.99,7.0,75.53,472.7,689.9,0.382,2.821,2.874
ZENODO-BATCH-02,77,30.16,8.78,7.52,73.64,401.6,752.6,0.337,2.874,2.908
ZENODO-BATCH-02,78,31.6,8.26,7.39,77.67,536.6,775.6,0.402,2.908,2.913
ZENODO-BATCH-02,79,30.38,8.42,7.09,75.46,490.3,952.2,0.326,2.913,2.938
ZENODO-BATCH-02,80,27.05,8.51,6.24,80.23,477.8,1020.6,0.359,2.938,2.958
ZENODO-BATCH-02,81,28.16,8.26,7.1,74.41,489.2,578.7,0.358,2.958,2.984
ZENODO-BATCH-02,82,30.31,8.08,7.38,73.39,442.0,1030.9,0.369,2.984,2.988
ZENODO-BATCH-02,83,24.69,8.82,6.75,82.36,575.1,620.7,0.354,2.988,3.025
ZENODO-BATCH-02,84,33.65,8.79,7.82,76.1,486.7,904.3,0.339,3.025,2.571
ZENODO-BATCH-02,85,28.07,8.05,7.27,65.14,503.0,845.3,0.38,2.571,2.646
ZENODO-BATCH-02,86,26.71,7.41,8.41,67.14,454.5,705.1,0.363,2.646,2.695
ZENODO-BATCH-02,87,31.55,8.51,6.9,76.94,416.8,679.2,0.372,2.695,2.758
ZENODO-BATCH-02,88,27.28,7.75,7.46,71.28,380.4,745.4,0.347,2.758,2.77
ZENODO-BATCH-02,89,29.78,8.01,7.18,77.92,330.7,509.4,0.385,2.77,2.807
ZENODO-BATCH-02,90,26.99,8.46,7.81,73.45,473.6,540.3,0.375,2.807,2.841
ZENODO-BATCH-02,91,26.31,7.88,7.93,78.98,476.5,679.2,0.334,2.841,2.866
ZENODO-BATCH-02,92,28.45,7.91,7.79,75.25,499.8,283.6,0.344,2.866,2.903
ZENODO-BATCH-02,93,24.59,8.01,7.43,77.27,403.6,863.0,0.323,2.903,2.918
ZENODO-BATCH-02,94,24.46,8.77,7.36,73.15,423.5,587.8,0.373,2.918,2.927
ZENODO-BATCH-02,95,29.57,8.56,6.54,73.18,443.5,751.8,0.352,2.927,2.915
ZENODO-BATCH-02,96,29.59,8.66,7.7,76.19,414.6,294.7,0.391,2.915,2.925
ZENODO-BATCH-02,97,28.04,8.87,6.81,76.72,424.0,603.7,0.331,2.925,2.967
ZENODO-BATCH-02,98,29.31,8.14,7.91,76.73,389.7,667.5,0.348,2.967,3.046
ZENODO-BATCH-02,99,29.25,7.91,7.29,81.77,511.7,643.3,0.321,3.046,3.056
ZENODO-BATCH-03,0,31.47,8.49,6.22,25.82,451.4,857.8,0.352,0.494,0.548
ZENODO-BATCH-03,1,30.58,8.06,6.76,24.95,481.8,672.2,0.34,0.548,0.62
ZENODO-BATCH-03,2,28.0,7.73,7.35,27.2,469.2,587.6,0.355,0.62,0.67
ZENODO-BATCH-03,3,29.16,8.23,6.25,26.84,524.5,926.8,0.345,0.67,0.757
ZENODO-BATCH-03,4,32.98,8.35,7.42,34.08,486.8,575.0,0.356,0.757,0.8
ZENODO-BATCH-03,5,27.74,7.37,7.13,28.1,518.8,690.2,0.305,0.8,0.845
ZENODO-BATCH-03,6,29.86,7.87,6.67,32.88,441.5,618.2,0.309,0.845,0.939
ZENODO-BATCH-03,7,24.7,8.81,7.23,33.78,515.1,701.5,0.353,0.939,0.951
ZENODO-BATCH-03,8,31.49,7.75,6.79,37.05,483.6,647.6,0.366,0.951,1.021
ZENODO-BATCH-03,9,23.66,8.31,7.78,30.83,400.7,905.2,0.363,1.021,1.06
ZENODO-BATCH-03,10,29.18,8.54,5.84,35.74,466.8,546.1,0.304,1.06,1.162
ZENODO-BATCH-03,11,29.13,8.22,7.02,36.26,417.6,686.2,0.358,1.162,1.285
ZENODO-BATCH-03,12,28.99,8.39,7.73,41.29,436.3,880.0,0.342,1.285,1.393
ZENODO-BATCH-03,13,26.22,8.29,5.91,45.8,446.7,380.7,0.366,1.393,1.447
ZENODO-BATCH-03,14,29.57,8.65,7.79,44.08,469.7,882.4,0.337,1.447,1.533
ZENODO-BATCH-03,15,26.67,8.27,7.41,47.69,512.4,782.6,0.363,1.533,1.673
ZENODO-BATCH-03,16,23.97,7.94,7.91,55.12,444.2,985.3,0.355,1.673,1.691
ZENODO-BATCH-03,17,31.55,9.04,6.43,48.43,495.2,537.4,0.351,1.691,1.683
ZENODO-BATCH-03,18,29.56,8.31,9.03,48.71,487.5,986.2,0.352,1.683,1.812
ZENODO-BATCH-03,19,27.4,7.26,7.56,49.18,366.9,680.4,0.325,1.812,1.827
ZENODO-BATCH-03,20,27.99,8.25,7.58,53.33,434.0,915.2,0.405,1.827,1.946
ZENODO-BATCH-03,21,26.55,8.16,7.28,54.76,472.1,560.5,0.307,1.946,2.045
ZENODO-BATCH-03,22,27.5,7.96,7.87,59.31,376.4,472.0,0.346,2.045,2.147
ZENODO-BATCH-03,23,30.8,8.01,6.63,56.74,432.3,746.1,0.357,2.147,2.202
ZENODO-BATCH-03,24,26.28,8.11,7.61,64.12,437.9,993.9,0.347,2.202,2.298
ZENODO-BATCH-03,25,31.44,7.47,7.51,62.73,494.2,757.2,0.363,2.298,2.321
ZENODO-BATCH-03,26,24.26,7.96,5.63,65.63,438.1,1202.1,0.365,2.321,2.373
ZENODO-BATCH-03,27,29.68,8.63,6.44,63.41,426.5,1051.2,0.328,2.373,2.47
ZENODO-BATCH-03,28,29.82,8.47,5.73,71.1,428.8,392.5,0.373,2.47,2.543
ZENODO-BATCH-03,29,26.03,8.92,6.43,68.09,405.3,674.4,0.341,2.543,2.563
ZENODO-BATCH-03,30,24.97,8.8,8.09,63.5,427.9,692.9,0.326,2.563,2.602
ZENODO-BATCH-03,31,33.23,8.04,7.2,68.94,408.4,711.7,0.34,2.602,2.637
ZENODO-BATCH-03,32,25.75,8.09,7.13,70.73,444.0,395.3,0.355,2.637,2.685
ZENODO-BATCH-03,33,24.65,7.58,7.35,75.79,368.2,815.2,0.326,2.685,2.703
ZENODO-BATCH-03,34,27.95,8.8,6.19,71.65,420.7,528.6,0.333,2.703,2.742
ZENODO-BATCH-03,35,30.9,7.43,7.04,73.2,410.1,689.1,0.397,2.742,2.775
ZENODO-BATCH-03,36,33.4,8.76,7.18,68.48,402.6,639.4,0.339,2.775,2.791
ZENODO-BATCH-03,37,29.16,9.05,6.67,73.03,472.6,654.9,0.367,2.791,2.791
ZENODO-BATCH-03,38,28.47,8.43,6.04,75.32,507.1,765.9,0.333,2.791,2.833
ZENODO-BATCH-03,39,29.1,7.16,8.16,75.57,447.9,1208.9,0.343,2.833,2.866
ZENODO-BATCH-03,40,31.41,8.16,9.07,80.92,505.2,695.7,0.354,2.866,2.898
ZENODO-BATCH-03,41,30.88,8.75,8.12,73.07,426.4,646.2,0.339,2.898,2.909
ZENODO-BATCH-03,42,27.16,8.64,7.54,78.09,492.2,812.7,0.338,2.909,2.954
ZENODO-BATCH-03,43,29.96,8.45,6.54,72.07,469.5,581.9,0.35,2.954,2.959
ZENODO-BATCH-03,44,28.02,8.0,7.22,75.71,453.9,739.2,0.362,2.959,2.987
ZENODO-BATCH-03,45,32.14,8.25,7.07,74.72,463.7,687.7,0.336,2.987,2.994
ZENODO-BATCH-03,46,30.68,7.97,6.98,73.25,491.5,692.1,0.363,2.994,3.016
ZENODO-BATCH-03,47,28.7,8.26,6.52,78.38,514.1,422.5,0.357,3.016,3.054
ZENODO-BATCH-03,48,33.97,7.67,6.32,81.72,468.5,603.2,0.366,3.054,2.601
ZENODO-BATCH-03,49,29.09,8.87,6.61,63.72,462.9,512.0,0.368,2.601,2.635
ZENODO-BATCH-03,50,29.34,7.82,7.96,67.39,460.7,607.3,0.329,2.635,2.707
ZENODO-BATCH-03,51,27.82,7.9,8.02,71.08,438.0,851.2,0.337,2.707,2.776
ZENODO-BATCH-03,52,27.93,8.59,8.46,74.64,549.2,708.2,0.323,2.776,2.808
ZENODO-BATCH-03,53,28.98,8.28,7.36,72.46,507.6,530.0,0.344,2.808,2.86
ZENODO-BATCH-03,54,29.52,8.19,6.05,70.71,460.8,210.1,0.346,2.86,2.868
ZENODO-BATCH-03,55,31.59,8.11,6.9,74.28,481.7,648.6,0.392,2.868,2.906
ZENODO-BATCH-03,56,30.93,8.97,8.22,79.16,441.2,586.4,0.366,2.906,2.898
ZENODO-BATCH-03,57,32.37,7.91,6.5,70.52,453.3,754.6,0.322,2.898,2.921
ZENODO-BATCH-03,58,24.69,7.74,7.82,76.03,341.3,680.8,0.302,2.921,2.932
ZENODO-BATCH-03,59,29.85,8.23,8.04,76.87,469.7,1083.2,0.336,2.932,2.996
ZENODO-BATCH-03,60,27.91,8.34,5.47,80.88,426.6,896.6,0.355,2.996,3.004
ZENODO-BATCH-03,61,30.18,8.55,6.88,75.86,417.9,310.8,0.346,3.004,3.008
ZENODO-BATCH-03,62,32.68,8.2,7.63,77.56,458.1,594.9,0.351,3.008,3.012
ZENODO-BATCH-03,63,26.84,7.98,7.51,79.24,415.3,781.0,0.378,3.012,3.027
ZENODO-BATCH-03,64,25.25,8.96,7.71,77.81,498.2,509.4,0.345,3.027,3.004
ZENODO-BATCH-03,65,29.33,8.53,7.23,78.1,453.0,524.0,0.362,3.004,3.002
ZENODO-BATCH-03,66,27.18,8.35,8.95,76.35,432.2,871.5,0.312,3.002,3.025
ZENODO-BATCH-03,67,28.0,7.7,7.24,77.28,476.7,800.6,0.357,3.025,3.018
ZENODO-BATCH-03,68,26.71,8.32,7.64,78.48,461.9,749.3,0.338,3.018,3.047
ZENODO-BATCH-03,69,28.29,7.69,8.31,79.73,497.4,546.9,0.374,3.047,3.043
ZENODO-BATCH-03,70,28.48,8.95,7.7,76.86,450.7,831.3,0.325,3.043,3.037
ZENODO-BATCH-03,71,29.67,8.57,7.18,76.43,420.7,692.3,0.34,3.037,3.061
ZENODO-BATCH-03,72,26.61,7.55,7.4,79.64,387.9,478.1,0.353,3.061,3.077
ZENODO-BATCH-03,73,31.48,7.98,8.3,77.56,388.9,793.2,0.325,3.077,3.08
ZENODO-BATCH-03,74,24.68,8.26,5.97,81.41,451.5,758.5,0.39,3.08,3.127
ZENODO-BATCH-03,75,26.49,8.68,8.33,79.71,446.9,860.3,0.342,3.127,3.081
ZENODO-BATCH-03,76,29.52,7.65,6.91,79.82,413.8,620.9,0.359,3.081,3.102
ZENODO-BATCH-03,77,31.66,8.08,8.03,77.39,503.1,633.9,0.365,3.102,3.118
ZENODO-BATCH-03,78,28.77,8.72,7.75,78.4,385.0,616.9,0.299,3.118,3.11
ZENODO-BATCH-03,79,25.93,7.91,7.0,77.23,496.9,939.1,0.373,3.11,3.1
ZENODO-BATCH-03,80,30.66,8.51,8.37,78.4,408.9,637.2,0.316,3.1,3.114
ZENODO-BATCH-03,81,33.01,8.42,7.65,75.74,434.4,806.5,0.352,3.114,3.131
ZENODO-BATCH-03,82,30.93,8.61,5.35,84.13,417.0,726.0,0.353,3.131,3.153
ZENODO-BATCH-03,83,30.54,8.22,6.86,79.76,501.6,915.7,0.364,3.153,3.168
ZENODO-BATCH-03,84,25.25,7.7,7.71,74.52,502.2,910.5,0.352,3.168,3.169
ZENODO-BATCH-03,85,29.64,8.01,7.15,84.04,525.0,591.8,0.359,3.169,3.158
ZENODO-BATCH-03,86,28.98,8.84,7.01,82.21,461.8,1047.5,0.355,3.158,3.183
ZENODO-BATCH-03,87,26.01,8.12,7.5,80.08,414.5,518.9,0.366,3.183,3.196
ZENODO-BATCH-03,88,31.28,9.12,6.4,86.06,431.2,732.6,0.328,3.196,3.173
ZENODO-BATCH-03,89,31.54,7.86,6.64,87.25,453.2,596.7,0.369,3.173,3.166
ZENODO-BATCH-03,90,27.42,8.18,8.31,78.1,453.1,817.4,0.373,3.166,3.179
ZENODO-BATCH-03,91,32.3,8.03,6.79,77.95,436.2,667.0,0.317,3.179,3.182
ZENODO-BATCH-03,92,32.28,7.97,6.31,79.52,536.6,604.3,0.317,3.182,3.174
ZENODO-BATCH-03,93,24.13,8.19,7.27,81.58,402.1,890.7,0.358,3.174,3.178
ZENODO-BATCH-03,94,28.99,7.88,8.15,77.19,516.1,989.7,0.37,3.178,3.195
ZENODO-BATCH-03,95,30.14,7.56,8.53,79.7,472.5,681.3,0.364,3.195,3.221
ZENODO-BATCH-03,96,28.61,8.13,7.11,81.71,386.9,661.1,0.36,3.221,3.227
ZENODO-BATCH-03,97,26.34,8.19,5.92,88.03,468.5,777.0,0.341,3.227,3.22
ZENODO-BATCH-03,98,28.54,8.21,7.85,83.92,518.1,1002.3,0.331,3.22,3.229
ZENODO-BATCH-03,99,26.75,7.86,8.49,84.26,446.5,1026.9,0.37,3.229,3.236
ZENODO-BATCH-04,0,28.69,8.58,7.9,21.94,404.3,806.8,0.368,0.556,0.613
ZENODO-BATCH-04,1,30.21,8.16,6.57,26.4,566.4,913.1,0.322,0.613,0.704
ZENODO-BATCH-04,2,27.92,8.9,6.72,33.47,491.2,479.1,0.384,0.704,0.726
ZENODO-BATCH-04,3,27.13,8.64,7.22,27.93,458.0,650.3,0.312,0.726,0.769
ZENODO-BATCH-04,4,27.27,8.9,6.98,31.29,496.6,493.8,0.344,0.769,0.808
ZENODO-BATCH-04,5,29.93,8.69,6.33,38.62,432.4,660.4,0.333,0.808,0.887
ZENODO-BATCH-04,6,25.12,7.65,7.64,31.14,484.6,806.7,0.345,0.887,0.923
ZENODO-BATCH-04,7,28.71,7.25,7.34,33.41,421.7,678.6,0.41,0.923,0.942
ZENODO-BATCH-04,8,30.8,8.47,8.85,34.14,487.3,795.6,0.327,0.942,1.011
ZENODO-BATCH-04,9,29.89,7.84,7.98,30.5,446.7,644.9,0.368,1.011,1.094
ZENODO-BATCH-04,10,26.73,7.68,9.14,31.94,446.1,680.9,0.359,1.094,1.142
ZENODO-BATCH-04,11,31.05,9.19,8.7,34.52,375.4,434.5,0.358,1.142,1.166
ZENODO-BATCH-04,12,21.91,8.25,6.39,34.88,501.6,779.0,0.352,1.166,1.18
ZENODO-BATCH-04,13,26.26,8.07,7.89,38.07,489.3,540.8,0.345,1.18,1.232
ZENODO-BATCH-04,14,27.75,8.23,8.37,39.95,410.0,1191.7,0.37,1.232,1.377
ZENODO-BATCH-04,15,29.43,8.43,8.08,38.34,515.1,710.4,0.337,1.377,1.489
ZENODO-BATCH-04,16,26.5,8.22,7.17,47.3,439.4,942.7,0.351,1.489,1.552
ZENODO-BATCH-04,17,26.98,8.35,5.7,44.24,437.9,936.0,0.362,1.552,1.638
ZENODO-BATCH-04,18,26.94,8.17,7.92,49.99,360.7,611.1,0.375,1.638,1.712
ZENODO-BATCH-04,19,28.0,8.25,6.61,51.04,490.1,827.8,0.352,1.712,1.858
ZENODO-BATCH-04,20,30.26,8.61,7.53,57.09,523.5,735.1,0.333,1.858,1.959
ZENODO-BATCH-04,21,27.39,8.03,7.36,60.2,480.8,773.4,0.356,1.959,2.078
ZENODO-BATCH-04,22,28.98,8.67,8.65,55.17,477.9,534.1,0.346,2.078,2.143
ZENODO-BATCH-04,23,25.78,7.9,7.21,56.42,396.7,653.3,0.368,2.143,2.22
ZENODO-BATCH-04,24,29.78,8.71,6.33,61.36,498.5,601.6,0.368,2.22,2.295
ZENODO-BATCH-04,25,25.56,7.85,7.57,65.03,417.3,827.5,0.323,2.295,2.324
ZENODO-BATCH-04,26,29.88,8.53,7.41,60.1,486.2,594.6,0.339,2.324,2.372
ZENODO-BATCH-04,27,29.37,7.55,7.74,63.2,448.1,737.2,0.344,2.372,2.432
ZENODO-BATCH-04,28,29.34,8.39,7.81,62.45,390.9,804.5,0.362,2.432,2.513
ZENODO-BATCH-04,29,28.4,8.19,8.07,69.15,524.4,780.1,0.324,2.513,2.62
ZENODO-BATCH-04,30,29.47,8.74,7.4,70.07,506.1,1082.2,0.371,2.62,2.673
ZENODO-BATCH-04,31,27.62,8.95,7.6,71.91,529.0,572.7,0.322,2.673,2.667
ZENODO-BATCH-04,32,30.06,8.65,8.76,67.5,465.6,613.4,0.34,2.667,2.735
ZENODO-BATCH-04,33,33.41,8.25,6.61,75.86,520.4,902.1,0.34,2.735,2.786
ZENODO-BATCH-04,34,29.91,7.85,6.93,77.95,436.1,1077.7,0.357,2.786,2.847
ZENODO-BATCH-04,35,29.54,8.46,5.18,75.36,485.1,727.8,0.344,2.847,2.874
ZENODO-BATCH-04,36,29.47,8.16,6.83,75.01,530.8,1036.0,0.347,2.874,2.918
ZENODO-BATCH-04,37,28.99,7.91,7.7,78.88,488.0,516.5,0.334,2.918,2.941
ZENODO-BATCH-04,38,29.13,8.62,6.79,76.08,480.5,713.9,0.346,2.941,2.958
ZENODO-BATCH-04,39,28.06,7.55,7.0,76.89,447.2,631.6,0.345,2.958,2.982
ZENODO-BATCH-04,40,30.69,7.96,6.81,75.29,413.1,503.4,0.343,2.982,2.985
ZENODO-BATCH-04,41,27.36,8.33,6.87,77.58,434.9,827.1,0.331,2.985,3.0
ZENODO-BATCH-04,42,29.93,7.45,7.35,79.05,473.5,655.3,0.404,3.0,2.996
ZENODO-BATCH-04,43,28.26,7.45,7.93,77.56,422.5,705.5,0.339,2.996,2.998
ZENODO-BATCH-04,44,32.85,8.11,7.59,79.14,496.6,1049.9,0.357,2.998,2.985
ZENODO-BATCH-04,45,27.8,8.63,7.16,81.41,396.8,711.2,0.384,2.985,3.005
ZENODO-BATCH-04,46,30.88,8.09,8.45,77.38,418.4,413.3,0.345,3.005,3.02
ZENODO-BATCH-04,47,33.26,8.98,7.44,82.87,452.8,1119.4,0.32,3.02,3.007
ZENODO-BATCH-04,48,29.04,7.76,6.71,76.51,422.3,614.0,0.339,3.007,3.039
ZENODO-BATCH-04,49,25.74,8.35,6.63,82.4,436.9,939.2,0.345,3.039,3.056
ZENODO-BATCH-04,50,27.17,8.47,7.53,76.72,490.7,521.6,0.344,3.056,3.058
ZENODO-BATCH-04,51,29.84,8.8,5.53,79.18,480.6,605.3,0.338,3.058,3.056
ZENODO-BATCH-04,52,26.16,7.95,5.41,77.41,451.6,772.6,0.308,3.056,3.076
ZENODO-BATCH-04,53,21.63,8.03,6.89,80.1,522.5,625.3,0.358,3.076,3.045
ZENODO-BATCH-04,54,30.42,8.35,5.53,78.13,636.7,811.5,0.384,3.045,3.072
ZENODO-BATCH-04,55,28.39,8.06,5.99,78.34,474.8,617.4,0.365,3.072,3.073
ZENODO-BATCH-04,56,27.37,8.82,6.62,81.66,476.1,623.6,0.365,3.073,3.11
ZENODO-BATCH-04,57,28.06,8.55,6.62,79.84,518.3,737.7,0.365,3.11,3.12
ZENODO-BATCH-04,58,28.73,8.36,8.46,83.25,469.7,699.1,0.37,3.12,3.125
ZENODO-BATCH-04,59,26.28,8.68,6.72,75.83,526.3,877.7,0.345,3.125,3.125
ZENODO-BATCH-04,60,30.99,8.04,7.46,81.01,451.4,835.3,0.327,3.125,3.089
ZENODO-BATCH-04,61,28.03,7.52,7.57,77.11,495.0,937.1,0.38,3.089,3.124
ZENODO-BATCH-04,62,30.83,8.14,6.54,79.14,410.2,924.4,0.338,3.124,3.118
ZENODO-BATCH-04,63,31.56,8.13,5.74,74.86,434.3,783.5,0.355,3.118,3.126
ZENODO-BATCH-04,64,25.08,9.14,8.21,82.4,464.8,884.0,0.333,3.126,3.13
ZENODO-BATCH-04,65,29.16,8.82,5.88,80.49,473.0,851.8,0.331,3.13,3.138
ZENODO-BATCH-04,66,25.67,9.34,7.26,78.18,487.1,993.0,0.346,3.138,2.668
ZENODO-BATCH-04,67,29.14,7.69,5.67,69.46,453.0,780.2,0.333,2.668,2.743
ZENODO-BATCH-04,68,29.89,7.65,8.07,72.07,390.4,807.5,0.341,2.743,2.799
ZENODO-BATCH-04,69,25.28,7.62,5.98,72.22,506.7,615.0,0.293,2.799,2.823
ZENODO-BATCH-04,70,31.5,8.04,5.7,74.68,511.9,645.9,0.342,2.823,2.866
ZENODO-BATCH-04,71,27.23,8.27,7.56,75.23,430.4,272.1,0.33,2.866,2.9
ZENODO-BATCH-04,72,27.64,8.33,7.69,74.04,450.7,546.7,0.353,2.9,2.938
ZENODO-BATCH-04,73,30.29,7.33,7.54,72.52,444.9,928.6,0.374,2.938,2.938
ZENODO-BATCH-04,74,27.78,7.9,6.76,73.03,421.4,1032.3,0.354,2.938,2.964
ZENODO-BATCH-04,75,29.29,8.1,5.99,82.47,436.2,703.2,0.356,2.964,2.997
ZENODO-BATCH-04,76,29.06,8.56,7.36,75.73,536.6,491.5,0.383,2.997,3.047
ZENODO-BATCH-04,77,30.44,8.5,8.16,73.13,448.8,762.1,0.353,3.047,3.048
ZENODO-BATCH-04,78,28.04,8.39,5.64,73.6,514.9,709.8,0.353,3.048,3.08
ZENODO-BATCH-04,79,28.26,8.44,8.03,79.37,517.6,564.5,0.362,3.08,3.104
ZENODO-BATCH-04,80,26.73,8.64,6.62,76.41,508.2,1016.9,0.357,3.104,3.122
ZENODO-BATCH-04,81,29.63,7.41,6.96,81.85,447.3,510.9,0.326,3.122,3.13
ZENODO-BATCH-04,82,28.01,7.91,6.81,82.33,534.5,908.8,0.338,3.13,3.134
ZENODO-BATCH-04,83,28.15,8.58,7.26,80.68,519.3,376.3,0.342,3.134,3.14
ZENODO-BATCH-04,84,24.17,8.92,7.96,82.5,479.9,727.4,0.33,3.14,3.137
ZENODO-BATCH-04,85,30.62,7.29,7.55,78.89,432.9,702.2,0.359,3.137,3.129
ZENODO-BATCH-04,86,28.22,7.85,4.87,77.72,443.4,871.6,0.343,3.129,3.114
ZENODO-BATCH-04,87,25.41,8.3,6.71,79.13,474.1,959.2,0.359,3.114,3.111
ZENODO-BATCH-04,88,25.61,7.46,7.12,77.6,467.1,649.8,0.342,3.111,3.123
ZENODO-BATCH-04,89,25.21,8.6,6.03,83.63,426.1,539.6,0.34,3.123,3.135
ZENODO-BATCH-04,90,30.95,8.48,6.58,77.38,445.1,521.3,0.377,3.135,3.155
ZENODO-BATCH-04,91,30.73,9.07,9.03,76.8,492.1,646.3,0.338,3.155,3.129
ZENODO-BATCH-04,92,30.28,7.4,7.35,81.5,479.7,653.0,0.359,3.129,3.152
ZENODO-BATCH-04,93,26.12,7.95,7.92,84.89,497.4,580.9,0.359,3.152,3.139
ZENODO-BATCH-04,94,32.67,8.94,5.87,78.85,540.2,852.4,0.34,3.139,3.152
ZENODO-BATCH-04,95,25.87,8.59,7.43,78.8,491.3,966.7,0.33,3.152,3.175
ZENODO-BATCH-04,96,30.45,8.23,6.34,78.01,368.8,644.8,0.388,3.175,3.181
ZENODO-BATCH-04,97,31.02,7.69,7.21,76.98,502.2,753.2,0.407,3.181,3.199
ZENODO-BATCH-04,98,28.07,8.6,7.38,84.19,427.0,799.4,0.313,3.199,3.204
ZENODO-BATCH-04,99,30.1,8.73,6.5,86.05,466.7,786.2,0.336,3.204,3.226
ZENODO-BATCH-05,0,31.41,7.69,6.59,27.57,491.9,365.4,0.356,0.498,0.515
ZENODO-BATCH-05,1,27.56,8.37,7.22,25.16,425.9,486.4,0.344,0.515,0.607
ZENODO-BATCH-05,2,28.75,7.87,6.09,24.51,388.5,975.3,0.338,0.607,0.664
ZENODO-BATCH-05,3,28.42,8.37,6.75,24.15,464.1,912.4,0.37,0.664,0.722
ZENODO-BATCH-05,4,31.51,8.76,6.47,33.08,442.0,577.4,0.357,0.722,0.769
ZENODO-BATCH-05,5,31.09,8.62,7.8,27.54,508.8,720.0,0.379,0.769,0.8
ZENODO-BATCH-05,6,31.11,8.41,9.24,27.04,449.2,666.7,0.337,0.8,0.87
ZENODO-BATCH-05,7,31.45,9.28,8.78,28.63,402.8,838.3,0.35,0.87,0.866
ZENODO-BATCH-05,8,30.59,8.36,6.56,29.49,517.9,782.1,0.377,0.866,0.987
ZENODO-BATCH-05,9,30.0,7.84,6.9,36.01,496.4,355.4,0.347,0.987,1.069
ZENODO-BATCH-05,10,31.56,7.72,5.4,36.17,433.9,976.7,0.326,1.069,1.114
ZENODO-BATCH-05,11,28.28,8.4,6.2,30.31,437.8,687.4,0.35,1.114,1.205
ZENODO-BATCH-05,12,26.18,8.14,8.47,44.49,503.2,681.6,0.328,1.205,1.273
ZENODO-BATCH-05,13,28.93,8.48,5.76,37.51,435.6,1160.0,0.38,1.273,1.384
ZENODO-BATCH-05,14,25.71,8.09,7.26,45.44,490.4,568.7,0.336,1.384,1.455
ZENODO-BATCH-05,15,23.88,8.66,7.3,43.4,522.6,753.3,0.334,1.455,1.492
ZENODO-BATCH-05,16,26.57,8.05,6.59,48.43,408.3,680.1,0.353,1.492,1.583
ZENODO-BATCH-05,17,28.39,7.88,6.63,48.5,479.5,917.1,0.368,1.583,1.682
ZENODO-BATCH-05,18,28.25,8.03,7.35,53.14,483.9,1194.0,0.359,1.682,1.812
ZENODO-BATCH-05,19,27.03,8.63,6.19,52.26,411.9,688.5,0.381,1.812,1.876
ZENODO-BATCH-05,20,27.91,8.61,7.46,56.7,394.8,667.2,0.374,1.876,1.95
ZENODO-BATCH-05,21,31.67,8.35,5.98,55.06,485.8,943.4,0.385,1.95,2.046
ZENODO-BATCH-05,22,25.14,8.48,8.32,52.38,547.1,918.5,0.361,2.046,2.102
ZENODO-BATCH-05,23,27.02,8.36,6.79,56.63,450.5,501.1,0.339,2.102,2.18
ZENODO-BATCH-05,24,29.22,7.13,7.04,57.78,444.8,292.2,0.354,2.18,2.193
ZENODO-BATCH-05,25,28.82,7.92,7.64,66.56,468.0,902.4,0.351,2.193,2.303
ZENODO-BATCH-05,26,27.28,8.62,7.46,61.66,465.4,425.2,0.353,2.303,2.344
ZENODO-BATCH-05,27,26.53,8.3,5.09,63.9,539.7,519.6,0.344,2.344,2.419
ZENODO-BATCH-05,28,26.21,8.76,7.7,61.01,434.5,469.1,0.371,2.419,2.492
ZENODO-BATCH-05,29,26.26,7.66,6.8,62.24,444.3,810.5,0.362,2.492,2.505
ZENODO-BATCH-05,30,27.01,8.74,8.16,68.13,532.0,620.3,0.356,2.505,2.554
ZENODO-BATCH-05,31,28.9,8.09,5.43,68.66,411.9,675.0,0.372,2.554,2.63
ZENODO-BATCH-05,32,29.5,7.88,8.29,61.98,447.2,539.8,0.327,2.63,2.679
ZENODO-BATCH-05,33,31.36,7.47,9.26,66.75,471.9,507.5,0.323,2.679,2.705
ZENODO-BATCH-05,34,31.51,7.97,7.69,73.48,479.5,428.1,0.386,2.705,2.755
ZENODO-BATCH-05,35,27.84,9.35,8.65,67.07,432.5,648.3,0.321,2.755,2.343
ZENODO-BATCH-05,36,28.5,8.15,7.25,60.87,419.1,898.9,0.343,2.343,2.442
ZENODO-BATCH-05,37,30.63,9.2,7.17,68.53,347.0,824.3,0.351,2.442,2.461
ZENODO-BATCH-05,38,31.63,8.43,7.32,64.43,440.3,1000.6,0.367,2.461,2.511
ZENODO-BATCH-05,39,26.93,7.91,5.96,65.07,377.4,814.1,0.387,2.511,2.573
ZENODO-BATCH-05,40,24.78,8.29,8.27,68.28,389.7,590.6,0.374,2.573,2.617
ZENODO-BATCH-05,41,33.26,8.59,7.72,68.74,469.0,806.3,0.343,2.617,2.649
ZENODO-BATCH-05,42,27.32,8.09,6.29,72.65,511.8,720.0,0.365,2.649,2.723
ZENODO-BATCH-05,43,26.48,7.49,8.0,74.19,468.4,820.7,0.336,2.723,2.761
ZENODO-BATCH-05,44,28.26,8.44,7.62,72.81,423.0,788.8,0.382,2.761,2.792
ZENODO-BATCH-05,45,26.78,7.45,6.8,70.92,494.4,952.2,0.322,2.792,2.802
ZENODO-BATCH-05,46,28.77,8.28,5.99,73.57,428.8,961.5,0.327,2.802,2.848
ZENODO-BATCH-05,47,27.77,8.05,6.9,72.96,433.6,898.2,0.364,2.848,2.9
ZENODO-BATCH-05,48,29.33,8.31,8.98,72.66,515.3,515.8,0.35,2.9,2.939
ZENODO-BATCH-05,49,30.97,7.97,8.16,79.11,475.3,696.8,0.366,2.939,2.961
ZENODO-BATCH-05,50,29.5,7.93,7.64,76.53,511.8,872.2,0.343,2.961,3.021
ZENODO-BATCH-05,51,27.62,8.72,6.12,78.74,445.0,781.0,0.354,3.021,3.064
ZENODO-BATCH-05,52,26.35,9.28,6.73,80.83,477.0,788.2,0.356,3.064,3.08
ZENODO-BATCH-05,53,26.05,8.88,7.02,79.98,487.4,785.1,0.331,3.08,3.089
ZENODO-BATCH-05,54,25.04,8.61,6.38,80.03,427.2,899.4,0.344,3.089,3.091
ZENODO-BATCH-05,55,28.35,8.35,5.02,80.05,403.6,473.7,0.369,3.091,3.12
ZENODO-BATCH-05,56,25.66,8.26,5.96,84.84,434.7,758.7,0.385,3.12,3.121
ZENODO-BATCH-05,57,29.78,8.03,5.88,80.91,542.2,540.8,0.344,3.121,3.157
ZENODO-BATCH-05,58,30.74,7.5,7.02,77.23,460.9,719.5,0.362,3.157,3.154
ZENODO-BATCH-05,59,29.7,8.56,7.1,81.49,447.0,746.9,0.365,3.154,3.144
ZENODO-BATCH-05,60,25.42,7.58,7.11,79.45,496.3,982.0,0.341,3.144,3.163
ZENODO-BATCH-05,61,33.26,7.98,7.03,81.56,461.3,924.9,0.38,3.163,3.17
ZENODO-BATCH-05,62,29.12,7.52,6.06,80.16,434.7,771.9,0.34,3.17,3.188
ZENODO-BATCH-05,63,25.84,7.89,6.67,84.9,400.3,762.4,0.317,3.188,3.184
ZENODO-BATCH-05,64,28.46,8.66,6.35,79.29,446.0,590.0,0.329,3.184,3.178
ZENODO-BATCH-05,65,27.54,8.38,7.59,79.5,474.4,559.6,0.341,3.178,3.182
ZENODO-BATCH-05,66,27.99,8.35,6.69,79.45,463.1,1002.6,0.332,3.182,3.163
ZENODO-BATCH-05,67,30.83,7.25,6.79,85.92,420.9,807.9,0.332,3.163,3.164
ZENODO-BATCH-05,68,30.48,8.84,7.02,80.1,406.2,749.4,0.335,3.164,3.165
ZENODO-BATCH-05,69,28.16,8.44,7.52,85.57,454.0,820.3,0.339,3.165,3.161
ZENODO-BATCH-05,70,31.49,7.59,7.42,77.79,445.1,651.5,0.367,3.161,3.147
ZENODO-BATCH-05,71,25.0,8.84,6.85,80.4,411.2,773.6,0.374,3.147,3.144
ZENODO-BATCH-05,72,26.55,7.79,6.41,79.71,535.3,933.0,0.378,3.144,3.157
ZENODO-BATCH-05,73,32.03,8.18,6.31,81.88,496.0,661.0,0.373,3.157,3.153
ZENODO-BATCH-05,74,26.99,7.63,6.35,82.78,448.1,623.5,0.349,3.153,3.153
ZENODO-BATCH-05,75,30.16,7.89,8.44,79.96,465.5,900.6,0.398,3.153,3.153
ZENODO-BATCH-05,76,27.88,8.52,7.5,83.22,430.6,958.7,0.347,3.153,3.182
ZENODO-BATCH-05,77,27.9,7.5,7.09,82.9,422.5,853.9,0.366,3.182,3.182
ZENODO-BATCH-05,78,27.06,6.95,8.41,80.38,448.6,845.7,0.358,3.182,3.198
ZENODO-BATCH-05,79,31.38,8.15,7.33,84.71,435.0,934.9,0.361,3.198,3.208
ZENODO-BATCH-05,80,27.67,8.74,6.76,80.35,434.4,697.6,0.389,3.208,3.227
ZENODO-BATCH-05,81,25.66,8.47,6.68,82.64,533.0,773.5,0.331,3.227,3.252
ZENODO-BATCH-05,82,26.29,7.09,6.39,80.44,502.7,730.8,0.367,3.252,3.25
ZENODO-BATCH-05,83,30.38,7.72,7.58,88.06,514.7,752.7,0.336,3.25,3.26
ZENODO-BATCH-05,84,23.85,8.64,8.01,78.78,468.8,617.2,0.339,3.26,3.283
ZENODO-BATCH-05,85,31.41,8.21,7.28,83.24,443.4,873.6,0.347,3.283,3.288
ZENODO-BATCH-05,86,25.48,8.14,6.27,86.23,542.7,776.6,0.36,3.288,3.26
ZENODO-BATCH-05,87,29.53,8.65,7.47,78.65,456.2,826.0,0.353,3.26,3.263
ZENODO-BATCH-05,88,27.58,7.93,6.28,88.16,516.4,1167.3,0.357,3.263,3.241
ZENODO-BATCH-05,89,28.69,8.31,8.09,82.55,477.1,490.6,0.38,3.241,3.279
ZENODO-BATCH-05,90,23.36,8.41,6.78,83.76,464.1,465.8,0.36,3.279,3.267
ZENODO-BATCH-05,91,26.6,9.12,7.64,83.89,383.4,799.8,0.346,3.267,3.279
ZENODO-BATCH-05,92,31.46,7.86,7.68,84.23,435.4,714.6,0.345,3.279,3.275
ZENODO-BATCH-05,93,28.23,9.02,7.12,81.77,477.0,1150.3,0.318,3.275,3.273
ZENODO-BATCH-05,94,26.71,7.98,7.29,87.54,461.3,1003.6,0.337,3.273,3.27
ZENODO-BATCH-05,95,27.2,7.54,8.55,80.23,435.2,709.0,0.387,3.27,3.253
ZENODO-BATCH-05,96,27.81,7.88,7.42,80.37,445.3,759.1,0.37,3.253,3.268
ZENODO-BATCH-05,97,26.68,9.22,6.43,86.52,454.9,1011.8,0.327,3.268,3.268
ZENODO-BATCH-05,98,30.82,9.24,7.35,81.07,404.6,581.3,0.373,3.268,3.269
ZENODO-BATCH-05,99,31.93,7.52,7.3,84.58,435.7,762.4,0.364,3.269,3.254
ZENODO-BATCH-06,0,30.9,8.14,6.44,20.94,472.6,855.0,0.356,0.542,0.594
ZENODO-BATCH-06,1,28.97,8.38,7.66,20.46,507.4,505.9,0.336,0.594,0.658
ZENODO-BATCH-06,2,27.39,8.3,6.89,28.38,369.7,654.6,0.344,0.658,0.713
ZENODO-BATCH-06,3,32.7,7.39,7.89,31.1,449.9,956.0,0.352,0.713,0.724
ZENODO-BATCH-06,4,25.75,8.89,8.19,29.71,470.0,699.6,0.329,0.724,0.74
ZENODO-BATCH-06,5,28.17,8.28,8.28,28.09,425.0,450.0,0.368,0.74,0.816
ZENODO-BATCH-06,6,27.76,8.86,8.12,34.63,470.4,683.9,0.334,0.816,0.837
ZENODO-BATCH-06,7,32.57,8.08,6.84,28.59,374.9,676.3,0.329,0.837,0.882
ZENODO-BATCH-06,8,30.89,8.34,6.5,29.2,410.7,775.4,0.386,0.882,0.987
ZENODO-BATCH-06,9,27.89,8.25,7.11,33.55,517.2,912.7,0.342,0.987,1.101
ZENODO-BATCH-06,10,30.73,8.25,7.51,31.67,533.7,831.4,0.356,1.101,1.166
ZENODO-BATCH-06,11,29.47,8.21,7.15,37.91,471.0,627.3,0.373,1.166,1.266
ZENODO-BATCH-06,12,30.98,8.15,6.68,39.89,438.5,814.8,0.352,1.266,1.374
ZENODO-BATCH-06,13,27.83,7.42,6.96,45.19,495.7,642.1,0.345,1.374,1.408
ZENODO-BATCH-06,14,24.64,8.18,7.06,42.95,416.5,632.8,0.36,1.408,1.458
ZENODO-BATCH-06,15,33.03,8.1,6.52,42.64,437.1,770.1,0.338,1.458,1.518
ZENODO-BATCH-06,16,34.37,7.93,7.52,49.25,457.2,645.0,0.355,1.518,1.266
ZENODO-BATCH-06,17,22.53,8.03,4.79,40.58,389.5,917.5,0.361,1.266,1.264
ZENODO-BATCH-06,18,26.04,7.81,7.6,37.24,431.8,739.9,0.293,1.264,1.308
ZENODO-BATCH-06,19,27.86,8.01,7.24,46.35,376.3,863.6,0.361,1.308,1.407
ZENODO-BATCH-06,20,29.31,7.44,7.2,38.83,498.0,289.4,0.374,1.407,1.451
ZENODO-BATCH-06,21,33.17,8.44,5.94,42.09,460.4,769.8,0.377,1.451,1.508
ZENODO-BATCH-06,22,24.59,7.72,8.36,39.65,444.4,978.3,0.348,1.508,1.557
ZENODO-BATCH-06,23,27.03,8.56,7.33,47.73,390.6,724.5,0.394,1.557,1.637
ZENODO-BATCH-06,24,31.19,8.34,7.39,45.51,410.9,757.7,0.371,1.637,1.753
ZENODO-BATCH-06,25,28.27,7.85,7.81,50.39,447.1,899.6,0.344,1.753,1.865
ZENODO-BATCH-06,26,29.23,7.35,7.09,48.95,501.8,518.2,0.34,1.865,1.885
ZENODO-BATCH-06,27,23.45,8.2,7.15,59.75,416.5,612.3,0.357,1.885,1.887
ZENODO-BATCH-06,28,31.4,8.69,6.83,58.04,469.1,579.8,0.354,1.887,1.956
ZENODO-BATCH-06,29,29.77,8.06,8.17,51.87,450.6,452.9,0.319,1.956,2.055
ZENODO-BATCH-06,30,26.04,7.89,6.42,53.29,398.5,643.8,0.364,2.055,2.091
ZENODO-BATCH-06,31,26.92,8.58,7.24,59.49,439.1,684.6,0.315,2.091,2.168
ZENODO-BATCH-06,32,27.48,8.7,7.32,59.64,510.8,517.1,0.343,2.168,2.228
ZENODO-BATCH-06,33,31.55,7.77,6.72,66.11,506.6,582.7,0.368,2.228,2.277
ZENODO-BATCH-06,34,30.2,7.73,7.58,57.11,469.0,855.9,0.337,2.277,2.356
ZENODO-BATCH-06,35,23.34,8.11,8.76,61.87,468.6,889.4,0.371,2.356,2.377
ZENODO-BATCH-06,36,28.38,7.54,5.57,63.55,434.8,550.7,0.351,2.377,2.395
ZENODO-BATCH-06,37,29.51,8.57,7.67,65.61,445.4,760.9,0.364,2.395,2.458
ZENODO-BATCH-06,38,29.19,8.79,6.78,64.06,554.4,612.6,0.351,2.458,2.513
ZENODO-BATCH-06,39,24.14,8.0,8.0,60.17,466.1,523.4,0.363,2.513,2.566
ZENODO-BATCH-06,40,29.24,7.9,6.67,66.63,467.9,748.3,0.354,2.566,2.63
ZENODO-BATCH-06,41,26.78,7.61,7.61,70.83,486.3,746.3,0.366,2.63,2.656
ZENODO-BATCH-06,42,30.6,7.64,8.06,71.89,416.6,557.9,0.369,2.656,2.707
ZENODO-BATCH-06,43,26.3,8.41,7.11,73.18,498.1,697.5,0.342,2.707,2.763
ZENODO-BATCH-06,44,26.83,8.22,7.36,73.57,347.6,529.5,0.362,2.763,2.773
ZENODO-BATCH-06,45,27.62,7.25,8.2,70.3,411.1,966.5,0.369,2.773,2.769
ZENODO-BATCH-06,46,29.38,7.87,5.78,73.6,438.3,738.4,0.305,2.769,2.809
ZENODO-BATCH-06,47,27.12,8.56,6.93,69.73,447.7,931.2,0.36,2.809,2.851
ZENODO-BATCH-06,48,29.88,8.56,6.5,76.16,425.7,371.4,0.352,2.851,2.904
ZENODO-BATCH-06,49,27.26,8.03,8.21,72.42,473.3,926.9,0.356,2.904,2.921
ZENODO-BATCH-06,50,24.62,8.55,7.87,74.52,543.2,933.9,0.373,2.921,2.918
ZENODO-BATCH-06,51,30.63,8.44,7.46,80.08,477.4,739.3,0.376,2.918,2.959
ZENODO-BATCH-06,52,30.61,8.48,6.08,73.51,494.0,637.0,0.371,2.959,2.99
ZENODO-BATCH-06,53,26.39,8.5,7.54,80.42,388.2,713.9,0.338,2.99,3.008
ZENODO-BATCH-06,54,29.49,7.82,7.89,75.76,439.4,613.9,0.384,3.008,3.045
ZENODO-BATCH-06,55,23.08,7.71,5.93,78.35,399.1,547.4,0.358,3.045,3.053
ZENODO-BATCH-06,56,30.23,8.37,6.25,77.4,456.9,838.4,0.371,3.053,3.059
ZENODO-BATCH-06,57,28.06,7.84,7.48,77.83,475.5,644.9,0.332,3.059,3.091
ZENODO-BATCH-06,58,29.74,9.18,6.09,79.84,511.5,932.4,0.365,3.091,3.087
ZENODO-BATCH-06,59,28.92,8.68,7.79,80.56,420.5,810.1,0.337,3.087,3.095
ZENODO-BATCH-06,60,27.95,8.59,5.74,81.2,547.5,532.8,0.338,3.095,3.115
ZENODO-BATCH-06,61,28.25,8.22,8.31,83.15,449.6,793.9,0.367,3.115,3.113
ZENODO-BATCH-06,62,28.3,8.11,6.77,77.28,476.2,539.0,0.363,3.113,3.151
ZENODO-BATCH-06,63,26.26,8.35,7.88,85.68,434.3,862.5,0.325,3.151,3.156
ZENODO-BATCH-06,64,27.01,8.12,6.6,77.9,433.7,865.6,0.346,3.156,3.189
ZENODO-BATCH-06,65,27.08,8.62,7.2,81.59,415.7,757.7,0.366,3.189,3.208
ZENODO-BATCH-06,66,31.05,8.66,6.71,84.21,411.4,637.3,0.354,3.208,3.175
ZENODO-BATCH-06,67,28.48,8.32,7.54,81.2,518.1,670.0,0.376,3.175,3.193
ZENODO-BATCH-06,68,32.59,8.84,6.92,84.31,448.6,523.4,0.36,3.193,3.181
ZENODO-BATCH-06,69,28.67,7.34,7.24,85.42,436.9,979.6,0.344,3.181,3.139
ZENODO-BATCH-06,70,28.46,8.2,6.49,82.13,537.7,638.3,0.365,3.139,3.167
ZENODO-BATCH-06,71,26.83,7.92,5.96,82.83,479.1,917.3,0.339,3.167,3.183
ZENODO-BATCH-06,72,26.8,6.94,5.59,84.47,405.1,814.2,0.293,3.183,3.185
ZENODO-BATCH-06,73,27.94,8.88,6.09,77.22,532.7,834.7,0.349,3.185,3.183
ZENODO-BATCH-06,74,27.88,8.53,7.76,81.08,488.1,728.2,0.393,3.183,3.171
ZENODO-BATCH-06,75,29.12,7.89,6.75,83.92,447.3,986.8,0.341,3.171,3.173
ZENODO-BATCH-06,76,26.9,9.0,7.72,83.25,461.6,565.9,0.317,3.173,3.158
ZENODO-BATCH-06,77,30.56,7.82,7.89,80.78,509.8,844.7,0.355,3.158,3.154
ZENODO-BATCH-06,78,32.18,7.94,6.56,77.06,489.9,533.3,0.331,3.154,3.15
ZENODO-BATCH-06,79,28.29,8.36,7.05,82.83,483.7,891.2,0.346,3.15,3.177
ZENODO-BATCH-06,80,28.82,8.04,7.73,83.63,395.0,541.3,0.362,3.177,3.178
ZENODO-BATCH-06,81,32.02,8.03,6.71,83.14,458.3,891.9,0.362,3.178,3.186
ZENODO-BATCH-06,82,28.7,8.23,7.78,85.11,513.3,1149.9,0.352,3.186,3.196
ZENODO-BATCH-06,83,28.57,8.11,7.37,87.09,317.3,705.4,0.34,3.196,3.197
ZENODO-BATCH-06,84,25.53,8.23,7.43,79.96,481.3,531.7,0.369,3.197,3.198
ZENODO-BATCH-06,85,25.09,8.57,7.2,87.17,482.3,813.4,0.358,3.198,3.194
ZENODO-BATCH-06,86,28.85,7.76,8.08,81.56,464.4,563.7,0.345,3.194,3.189
ZENODO-BATCH-06,87,27.16,8.38,6.67,78.35,517.6,450.5,0.364,3.189,3.2
ZENODO-BATCH-06,88,30.18,8.42,6.25,85.49,471.2,541.0,0.345,3.2,3.212
ZENODO-BATCH-06,89,28.54,7.81,5.34,82.59,460.9,836.2,0.366,3.212,3.23
ZENODO-BATCH-06,90,25.76,6.82,5.85,91.33,473.1,770.2,0.33,3.23,3.225
ZENODO-BATCH-06,91,30.33,7.96,6.99,82.61,452.3,343.7,0.342,3.225,3.229
ZENODO-BATCH-06,92,28.12,7.68,5.56,84.56,372.3,807.5,0.365,3.229,3.228
ZENODO-BATCH-06,93,25.01,7.93,6.61,87.3,388.2,672.7,0.363,3.228,3.222
ZENODO-BATCH-06,94,30.39,7.39,7.45,86.85,423.8,838.7,0.345,3.222,3.209
ZENODO-BATCH-06,95,30.07,8.12,6.52,82.41,451.7,691.5,0.35,3.209,3.213
ZENODO-BATCH-06,96,28.71,8.61,7.9,84.45,412.7,886.2,0.326,3.213,3.222
ZENODO-BATCH-06,97,23.72,8.29,8.28,80.46,425.9,635.7,0.337,3.222,3.223
ZENODO-BATCH-06,98,30.21,8.19,5.46,81.22,483.9,929.9,0.339,3.223,3.23
ZENODO-BATCH-06,99,21.94,9.4,8.15,85.67,466.7,815.6,0.397,3.23,2.755
ZENODO-BATCH-07,0,27.81,8.37,6.11,12.73,422.7,531.6,0.336,0.384,0.422
ZENODO-BATCH-07,1,27.16,8.32,9.28,19.92,516.6,728.0,0.373,0.422,0.464
ZENODO-BATCH-07,2,30.67,7.49,7.67,19.97,449.3,663.3,0.362,0.464,0.482
ZENODO-BATCH-07,3,29.61,7.89,7.34,21.2,487.4,937.1,0.358,0.482,0.531
ZENODO-BATCH-07,4,27.44,8.47,7.8,21.6,441.0,756.2,0.347,0.531,0.59
ZENODO-BATCH-07,5,25.97,7.49,7.0,28.61,430.4,719.1,0.331,0.59,0.602
ZENODO-BATCH-07,6,27.42,8.42,7.5,22.54,394.7,472.2,0.341,0.602,0.664
ZENODO-BATCH-07,7,26.47,8.13,8.27,26.95,473.7,558.7,0.313,0.664,0.733
ZENODO-BATCH-07,8,27.45,7.74,7.91,28.42,505.1,795.8,0.357,0.733,0.779
ZENODO-BATCH-07,9,30.66,8.61,7.72,28.91,476.4,515.1,0.368,0.779,0.822
ZENODO-BATCH-07,10,27.24,7.8,8.92,32.99,448.9,710.8,0.368,0.822,0.892
ZENODO-BATCH-07,11,27.58,8.13,7.51,30.75,468.5,686.9,0.35,0.892,0.973
ZENODO-BATCH-07,12,25.02,8.83,6.19,36.48,514.0,1117.0,0.366,0.973,0.997
ZENODO-BATCH-07,13,29.72,8.04,6.47,37.11,476.4,995.2,0.363,0.997,1.11
ZENODO-BATCH-07,14,29.7,8.22,7.62,38.82,453.2,515.8,0.347,1.11,1.204
ZENODO-BATCH-07,15,27.68,8.62,8.03,36.31,441.5,759.9,0.336,1.204,1.243
ZENODO-BATCH-07,16,27.12,8.84,7.55,37.81,417.2,347.0,0.305,1.243,1.3
ZENODO-BATCH-07,17,33.61,8.38,7.32,46.17,416.8,553.2,0.356,1.3,1.115
ZENODO-BATCH-07,18,28.71,8.1,6.66,33.9,488.2,1262.6,0.346,1.115,1.206
ZENODO-BATCH-07,19,29.28,9.05,6.63,38.02,462.5,426.5,0.36,1.206,1.218
ZENODO-BATCH-07,20,26.05,7.88,6.95,38.28,518.2,962.0,0.375,1.218,1.285
ZENODO-BATCH-07,21,28.64,8.38,7.83,40.4,461.0,620.0,0.353,1.285,1.402
ZENODO-BATCH-07,22,30.17,8.22,5.92,35.43,468.5,634.6,0.346,1.402,1.489
ZENODO-BATCH-07,23,23.93,8.72,7.59,46.28,403.2,722.5,0.37,1.489,1.508
ZENODO-BATCH-07,24,29.08,8.66,6.99,47.93,461.3,635.5,0.318,1.508,1.626
ZENODO-BATCH-07,25,26.32,8.68,8.41,47.73,466.0,568.4,0.34,1.626,1.656
ZENODO-BATCH-07,26,26.84,7.39,7.02,47.45,497.4,797.3,0.356,1.656,1.705
ZENODO-BATCH-07,27,28.82,7.36,6.18,43.8,442.5,889.2,0.341,1.705,1.729
ZENODO-BATCH-07,28,28.86,8.35,6.65,48.73,460.1,775.2,0.349,1.729,1.827
ZENODO-BATCH-07,29,26.57,8.65,8.43,57.42,489.3,1005.9,0.352,1.827,1.931
ZENODO-BATCH-07,30,24.17,8.35,7.59,52.28,440.9,735.6,0.351,1.931,1.967
ZENODO-BATCH-07,31,31.51,8.33,7.56,53.77,447.5,832.9,0.326,1.967,2.053
ZENODO-BATCH-07,32,25.31,7.88,7.85,57.34,465.8,776.4,0.338,2.053,2.094
ZENODO-BATCH-07,33,30.27,8.79,7.23,58.29,507.8,807.0,0.366,2.094,2.143
ZENODO-BATCH-07,34,29.12,7.8,7.72,55.45,445.0,1141.0,0.35,2.143,2.209
ZENODO-BATCH-07,35,30.37,8.95,6.94,58.65,385.4,587.7,0.331,2.209,2.255
ZENODO-BATCH-07,36,28.37,7.88,6.93,63.17,490.0,825.9,0.353,2.255,2.353
ZENODO-BATCH-07,37,28.6,8.89,6.84,65.66,439.7,824.9,0.339,2.353,2.39
ZENODO-BATCH-07,38,27.44,8.73,7.84,64.27,513.9,754.5,0.326,2.39,2.462
ZENODO-BATCH-07,39,25.44,8.44,7.3,62.66,381.0,712.9,0.333,2.462,2.504
ZENODO-BATCH-07,40,23.67,7.95,6.49,64.11,489.3,1179.2,0.378,2.504,2.517
ZENODO-BATCH-07,41,25.63,8.37,5.55,72.04,415.0,966.4,0.372,2.517,2.535
ZENODO-BATCH-07,42,29.65,8.35,7.99,68.53,397.3,578.3,0.354,2.535,2.596
ZENODO-BATCH-07,43,26.5,7.15,6.49,70.42,524.7,679.0,0.32,2.596,2.615
ZENODO-BATCH-07,44,27.04,8.09,8.0,64.4,453.0,767.5,0.399,2.615,2.695
ZENODO-BATCH-07,45,28.76,8.87,7.81,68.97,462.8,850.4,0.342,2.695,2.741
ZENODO-BATCH-07,46,26.39,8.54,6.74,71.08,355.2,725.5,0.357,2.741,2.737
ZENODO-BATCH-07,47,31.8,8.33,7.63,70.01,438.7,799.9,0.387,2.737,2.804
ZENODO-BATCH-07,48,29.5,7.86,7.74,71.3,477.6,1118.2,0.345,2.804,2.856
ZENODO-BATCH-07,49,32.45,8.11,6.96,77.46,525.5,715.2,0.36,2.856,2.88
ZENODO-BATCH-07,50,29.27,8.55,6.76,70.78,496.7,647.8,0.336,2.88,2.909
ZENODO-BATCH-07,51,26.46,8.07,5.62,77.38,382.3,830.2,0.335,2.909,2.942
ZENODO-BATCH-07,52,26.59,8.78,6.91,74.91,480.8,601.5,0.333,2.942,2.969
ZENODO-BATCH-07,53,29.4,8.69,8.89,78.86,387.5,785.0,0.358,2.969,2.986
ZENODO-BATCH-07,54,31.28,7.76,7.74,78.52,366.4,829.8,0.328,2.986,3.024
ZENODO-BATCH-07,55,30.56,8.8,7.68,76.47,436.4,921.8,0.316,3.024,3.059
ZENODO-BATCH-07,56,27.54,7.41,7.81,80.15,485.3,1082.5,0.33,3.059,3.071
ZENODO-BATCH-07,57,26.45,8.17,7.98,85.28,444.4,449.9,0.335,3.071,3.062
ZENODO-BATCH-07,58,27.85,7.95,6.41,81.33,521.7,687.6,0.341,3.062,3.081
ZENODO-BATCH-07,59,28.94,7.82,5.91,74.34,510.9,707.1,0.336,3.081,3.104
ZENODO-BATCH-07,60,31.56,8.17,6.96,83.02,416.1,539.0,0.344,3.104,3.103
ZENODO-BATCH-07,61,29.59,8.11,7.47,79.51,445.1,585.9,0.368,3.103,3.098
ZENODO-BATCH-07,62,31.0,7.85,7.07,82.02,458.9,766.9,0.34,3.098,3.055
ZENODO-BATCH-07,63,31.34,7.84,8.22,76.72,476.0,793.4,0.354,3.055,3.045
ZENODO-BATCH-07,64,27.63,7.37,6.65,78.28,446.8,606.9,0.351,3.045,3.047
ZENODO-BATCH-07,65,22.44,7.67,5.73,82.25,496.2,835.7,0.334,3.047,3.038
ZENODO-BATCH-07,66,28.22,8.9,7.07,80.17,437.3,654.9,0.387,3.038,3.049
ZENODO-BATCH-07,67,27.19,8.49,7.75,79.15,411.7,838.7,0.347,3.049,3.053
ZENODO-BATCH-07,68,27.5,7.79,6.92,85.7,477.0,525.9,0.324,3.053,3.05
ZENODO-BATCH-07,69,31.23,7.59,6.7,79.29,448.7,802.2,0.354,3.05,3.048
ZENODO-BATCH-07,70,26.36,7.54,7.2,79.68,403.6,775.0,0.362,3.048,3.045
ZENODO-BATCH-07,71,30.77,8.07,7.67,81.62,447.2,479.9,0.337,3.045,3.05
ZENODO-BATCH-07,72,26.91,7.78,6.42,69.89,457.6,843.1,0.342,3.05,3.076
ZENODO-BATCH-07,73,28.07,7.17,6.15,80.93,441.0,457.8,0.366,3.076,3.084
ZENODO-BATCH-07,74,21.99,8.01,6.87,80.49,417.1,594.4,0.327,3.084,3.097
ZENODO-BATCH-07,75,30.2,8.19,7.12,84.15,511.3,1079.9,0.34,3.097,3.128
ZENODO-BATCH-07,76,24.97,8.74,5.62,80.78,421.3,692.2,0.345,3.128,3.155
ZENODO-BATCH-07,77,30.89,7.99,7.27,79.81,497.2,790.1,0.338,3.155,3.166
ZENODO-BATCH-07,78,29.53,8.12,7.7,85.2,401.9,248.6,0.307,3.166,3.185
ZENODO-BATCH-07,79,28.6,8.52,6.1,86.29,454.7,815.2,0.369,3.185,3.169
ZENODO-BATCH-07,80,24.97,8.19,8.17,86.46,466.5,607.3,0.305,3.169,3.165
ZENODO-BATCH-07,81,29.78,8.53,7.44,79.74,462.8,852.4,0.356,3.165,3.143
ZENODO-BATCH-07,82,25.45,8.2,8.64,80.39,424.7,578.4,0.367,3.143,3.157
ZENODO-BATCH-07,83,27.45,8.3,6.65,83.3,441.2,799.5,0.374,3.157,3.129
ZENODO-BATCH-07,84,26.83,7.9,7.22,79.69,498.8,608.2,0.322,3.129,3.144
ZENODO-BATCH-07,85,27.95,7.96,7.57,79.44,532.8,779.6,0.376,3.144,3.152
ZENODO-BATCH-07,86,28.43,8.3,7.72,77.34,418.6,799.3,0.317,3.152,3.191
ZENODO-BATCH-07,87,27.22,8.58,8.1,87.12,355.8,1025.7,0.363,3.191,3.174
ZENODO-BATCH-07,88,32.13,7.92,7.82,76.31,458.4,909.9,0.351,3.174,3.13
ZENODO-BATCH-07,89,29.02,8.13,8.81,79.52,448.7,791.7,0.355,3.13,3.146
ZENODO-BATCH-07,90,27.43,8.29,6.82,87.14,459.6,500.9,0.328,3.146,3.136
ZENODO-BATCH-07,91,28.52,7.89,7.87,78.47,402.7,773.5,0.391,3.136,3.162
ZENODO-BATCH-07,92,27.55,8.93,5.98,82.24,449.5,1113.9,0.369,3.162,3.172
ZENODO-BATCH-07,93,27.65,7.85,6.05,83.24,474.4,928.9,0.364,3.172,3.171
ZENODO-BATCH-07,94,32.55,7.97,7.26,82.31,494.6,689.6,0.322,3.171,3.167
ZENODO-BATCH-07,95,30.64,8.32,7.02,79.34,412.8,737.0,0.369,3.167,3.171
ZENODO-BATCH-07,96,26.16,7.72,8.8,81.61,467.8,704.7,0.341,3.171,3.154
ZENODO-BATCH-07,97,30.03,8.43,7.48,82.0,510.0,987.9,0.341,3.154,3.159
ZENODO-BATCH-07,98,30.88,8.62,8.27,80.54,394.2,666.6,0.362,3.159,3.171
ZENODO-BATCH-07,99,28.69,8.84,8.48,87.08,442.1,372.6,0.361,3.171,3.155
ZENODO-BATCH-08,0,28.06,8.29,6.5,26.58,510.8,696.4,0.334,0.525,0.59
ZENODO-BATCH-08,1,31.95,7.95,7.21,23.52,418.5,710.1,0.32,0.59,0.612
ZENODO-BATCH-08,2,30.23,8.57,9.2,23.54,520.0,408.6,0.351,0.612,0.704
ZENODO-BATCH-08,3,25.2,8.26,7.49,24.63,520.5,752.3,0.34,0.704,0.743
ZENODO-BATCH-08,4,25.98,8.27,8.2,24.54,392.8,618.4,0.34,0.743,0.793
ZENODO-BATCH-08,5,28.67,7.46,8.57,28.25,412.9,779.7,0.36,0.793,0.821
ZENODO-BATCH-08,6,28.24,8.53,7.25,29.03,450.2,715.4,0.338,0.821,0.868
ZENODO-BATCH-08,7,30.93,8.38,7.27,33.67,545.4,580.8,0.329,0.868,0.951
ZENODO-BATCH-08,8,29.49,8.06,7.64,31.62,448.2,801.1,0.312,0.951,1.079
ZENODO-BATCH-08,9,26.58,7.98,5.43,36.15,405.3,639.4,0.345,1.079,1.151
ZENODO-BATCH-08,10,28.14,8.27,6.74,39.06,451.4,904.1,0.344,1.151,1.288
ZENODO-BATCH-08,11,26.93,8.29,7.22,35.03,415.3,780.9,0.321,1.288,1.389
ZENODO-BATCH-08,12,27.54,8.34,7.16,46.73,416.1,716.8,0.325,1.389,1.473
ZENODO-BATCH-08,13,28.01,7.78,6.79,44.49,445.1,822.7,0.367,1.473,1.573
ZENODO-BATCH-08,14,26.05,7.62,7.7,47.22,445.7,739.3,0.348,1.573,1.597
ZENODO-BATCH-08,15,33.22,8.18,7.45,48.49,422.4,845.6,0.324,1.597,1.645
ZENODO-BATCH-08,16,28.57,8.56,7.57,47.78,429.2,498.1,0.392,1.645,1.743
ZENODO-BATCH-08,17,28.23,9.12,5.9,51.24,464.3,405.5,0.3,1.743,1.772
ZENODO-BATCH-08,18,27.79,8.2,7.61,51.87,448.4,1277.7,0.337,1.772,1.897
ZENODO-BATCH-08,19,27.47,9.07,5.36,61.84,466.2,931.9,0.343,1.897,1.929
ZENODO-BATCH-08,20,31.26,8.9,5.25,51.99,422.1,759.4,0.364,1.929,1.975
ZENODO-BATCH-08,21,25.38,8.13,6.31,53.66,472.1,726.1,0.374,1.975,2.012
ZENODO-BATCH-08,22,28.23,8.27,7.01,52.95,521.3,748.9,0.348,2.012,2.142
ZENODO-BATCH-08,23,28.96,8.06,6.22,60.2,525.0,377.2,0.338,2.142,2.214
ZENODO-BATCH-08,24,24.77,7.29,9.54,57.94,435.5,849.8,0.33,2.214,2.218
ZENODO-BATCH-08,25,29.11,8.04,6.09,54.13,416.0,830.2,0.314,2.218,2.314
ZENODO-BATCH-08,26,27.75,7.97,6.93,61.21,515.3,943.8,0.314,2.314,2.398
ZENODO-BATCH-08,27,26.86,7.94,6.69,65.84,442.6,602.4,0.354,2.398,2.448
ZENODO-BATCH-08,28,31.68,7.81,6.55,58.64,477.1,428.8,0.356,2.448,2.512
ZENODO-BATCH-08,29,30.18,7.57,6.61,60.47,535.3,453.8,0.333,2.512,2.545
ZENODO-BATCH-08,30,27.93,8.57,7.56,63.28,391.6,468.2,0.37,2.545,2.614
ZENODO-BATCH-08,31,28.59,8.74,7.08,66.83,346.5,707.4,0.371,2.614,2.652
ZENODO-BATCH-08,32,28.06,6.95,7.6,74.12,419.4,1020.8,0.348,2.652,2.664
ZENODO-BATCH-08,33,27.91,7.85,7.72,74.36,375.7,863.6,0.328,2.664,2.72
ZENODO-BATCH-08,34,30.11,8.29,7.74,75.38,421.3,404.6,0.353,2.72,2.774
ZENODO-BATCH-08,35,26.08,7.89,8.54,76.71,355.9,738.5,0.359,2.774,2.781
ZENODO-BATCH-08,36,31.61,9.25,7.2,74.66,494.7,482.2,0.319,2.781,2.8
ZENODO-BATCH-08,37,27.0,8.77,7.31,71.45,392.7,420.0,0.351,2.8,2.834
ZENODO-BATCH-08,38,29.83,8.64,6.84,71.91,487.1,697.8,0.391,2.834,2.902
ZENODO-BATCH-08,39,28.59,7.63,7.88,76.86,465.7,966.3,0.374,2.902,2.92
ZENODO-BATCH-08,40,30.94,8.25,7.56,81.2,363.1,843.5,0.337,2.92,2.962
ZENODO-BATCH-08,41,29.1,8.47,8.79,81.94,533.0,540.3,0.358,2.962,2.983
ZENODO-BATCH-08,42,26.51,8.27,7.63,74.63,442.3,798.3,0.356,2.983,3.014
ZENODO-BATCH-08,43,30.66,8.33,7.57,74.97,405.2,927.5,0.327,3.014,3.029
ZENODO-BATCH-08,44,26.14,8.0,6.94,82.06,497.7,681.5,0.318,3.029,3.032
ZENODO-BATCH-08,45,28.35,8.45,7.58,85.24,509.2,755.9,0.333,3.032,3.058
ZENODO-BATCH-08,46,28.13,8.68,9.19,78.32,478.0,764.9,0.344,3.058,3.074
ZENODO-BATCH-08,47,31.18,7.57,5.89,81.14,433.6,366.2,0.342,3.074,3.067
ZENODO-BATCH-08,48,24.93,8.28,7.86,82.34,383.7,875.3,0.366,3.067,3.094
ZENODO-BATCH-08,49,34.01,8.09,7.2,76.03,441.3,739.7,0.381,3.094,2.621
ZENODO-BATCH-08,50,31.94,8.71,7.47,69.89,498.4,654.6,0.38,2.621,2.669
ZENODO-BATCH-08,51,35.11,8.52,6.91,71.26,492.5,728.9,0.398,2.669,2.266
ZENODO-BATCH-08,52,26.41,8.74,7.66,62.41,437.6,876.1,0.32,2.266,2.321
ZENODO-BATCH-08,53,32.77,7.9,6.13,67.71,419.7,489.9,0.377,2.321,2.363
ZENODO-BATCH-08,54,31.55,8.31,6.95,64.78,445.0,702.9,0.319,2.363,2.43
ZENODO-BATCH-08,55,30.36,8.29,7.26,62.03,420.8,690.7,0.365,2.43,2.511
ZENODO-BATCH-08,56,29.08,7.93,6.29,64.56,470.4,614.2,0.357,2.511,2.6
ZENODO-BATCH-08,57,34.34,7.86,8.03,70.64,427.3,816.2,0.325,2.6,2.201
ZENODO-BATCH-08,58,27.98,7.79,7.64,60.08,422.3,868.0,0.343,2.201,2.283
ZENODO-BATCH-08,59,26.6,8.34,8.14,59.78,425.0,995.5,0.38,2.283,2.34
ZENODO-BATCH-08,60,29.25,8.0,6.56,66.75,461.6,1056.3,0.327,2.34,2.432
ZENODO-BATCH-08,61,28.61,8.68,7.19,67.28,457.9,632.8,0.364,2.432,2.49
ZENODO-BATCH-08,62,28.66,8.08,8.71,64.46,471.6,454.0,0.332,2.49,2.551
ZENODO-BATCH-08,63,30.31,8.45,7.27,68.55,418.7,691.5,0.319,2.551,2.629
ZENODO-BATCH-08,64,25.37,7.56,8.11,69.35,432.5,1004.3,0.347,2.629,2.657
ZENODO-BATCH-08,65,26.29,8.31,7.47,69.98,400.6,651.3,0.345,2.657,2.684
ZENODO-BATCH-08,66,32.48,8.64,5.82,70.86,446.3,893.5,0.389,2.684,2.701
ZENODO-BATCH-08,67,29.54,8.78,8.07,69.4,517.5,715.9,0.328,2.701,2.755
ZENODO-BATCH-08,68,21.72,8.18,6.96,70.95,438.6,462.5,0.343,2.755,2.742
ZENODO-BATCH-08,69,34.23,9.09,6.88,72.13,531.2,510.8,0.353,2.742,2.324
ZENODO-BATCH-08,70,30.96,8.31,6.49,63.16,401.3,634.2,0.317,2.324,2.382
ZENODO-BATCH-08,71,27.84,8.87,7.13,65.97,458.5,935.9,0.388,2.382,2.424
ZENODO-BATCH-08,72,24.93,8.43,7.43,64.78,431.6,869.3,0.343,2.424,2.425
ZENODO-BATCH-08,73,27.95,8.69,6.6,64.7,462.4,606.3,0.357,2.425,2.468
ZENODO-BATCH-08,74,31.83,8.67,7.63,61.21,482.4,611.1,0.363,2.468,2.524
ZENODO-BATCH-08,75,27.08,8.09,6.89,71.7,473.6,1194.8,0.306,2.524,2.58
ZENODO-BATCH-08,76,25.99,8.1,7.07,66.96,494.8,975.0,0.356,2.58,2.636
ZENODO-BATCH-08,77,28.68,8.69,6.91,69.72,482.2,894.1,0.365,2.636,2.673
ZENODO-BATCH-08,78,27.49,8.29,6.23,71.15,451.7,883.8,0.351,2.673,2.739
ZENODO-BATCH-08,79,30.8,8.71,6.37,76.6,432.3,613.0,0.364,2.739,2.767
ZENODO-BATCH-08,80,27.9,8.91,6.25,70.09,479.6,811.0,0.364,2.767,2.776
ZENODO-BATCH-08,81,27.63,7.99,7.97,67.23,395.2,680.1,0.373,2.776,2.837
ZENODO-BATCH-08,82,26.47,8.64,7.05,70.7,461.3,707.7,0.374,2.837,2.873
ZENODO-BATCH-08,83,31.25,8.57,7.97,78.91,436.2,1138.4,0.348,2.873,2.904
ZENODO-BATCH-08,84,27.53,8.84,6.79,80.06,396.4,631.5,0.362,2.904,2.924
ZENODO-BATCH-08,85,31.8,7.64,7.11,78.4,447.0,640.2,0.352,2.924,2.933
ZENODO-BATCH-08,86,28.85,8.23,7.09,76.62,454.9,553.3,0.347,2.933,2.97
ZENODO-BATCH-08,87,27.42,8.82,9.42,73.28,427.6,509.5,0.329,2.97,2.995
ZENODO-BATCH-08,88,23.31,8.14,5.61,80.59,390.5,1106.2,0.32,2.995,3.018
ZENODO-BATCH-08,89,27.22,8.56,7.0,75.93,540.4,970.2,0.304,3.018,3.033
ZENODO-BATCH-08,90,27.85,8.17,7.06,79.8,517.3,921.4,0.372,3.033,3.059
ZENODO-BATCH-08,91,30.77,8.28,6.79,80.62,395.3,1090.4,0.347,3.059,3.097
ZENODO-BATCH-08,92,28.44,7.61,5.65,75.36,494.0,871.7,0.35,3.097,3.097
ZENODO-BATCH-08,93,26.24,8.61,7.9,81.12,402.1,741.0,0.321,3.097,3.093
ZENODO-BATCH-08,94,27.59,8.48,7.13,78.73,520.2,813.9,0.356,3.093,3.11
ZENODO-BATCH-08,95,29.6,8.21,7.49,76.57,474.9,395.3,0.336,3.11,3.143
ZENODO-BATCH-08,96,29.73,8.15,8.24,79.49,423.0,515.3,0.353,3.143,3.158
ZENODO-BATCH-08,97,26.46,8.93,6.7,77.03,439.0,963.5,0.298,3.158,3.14
ZENODO-BATCH-08,98,28.84,8.1,7.6,75.38,447.3,477.8,0.361,3.14,3.146
ZENODO-BATCH-08,99,25.04,8.66,6.59,74.45,419.6,861.1,0.341,3.146,3.154
ZENODO-BATCH-09,0,24.41,7.78,8.11,26.35,404.0,626.4,0.326,0.568,0.561
ZENODO-BATCH-09,1,30.14,8.19,6.75,23.88,409.1,992.3,0.343,0.561,0.627
ZENODO-BATCH-09,2,27.68,8.1,9.49,22.39,504.7,347.2,0.356,0.627,0.669
ZENODO-BATCH-09,3,30.03,8.42,5.55,27.43,493.9,668.8,0.365,0.669,0.727
ZENODO-BATCH-09,4,24.92,8.3,6.52,33.46,449.7,973.3,0.354,0.727,0.774
ZENODO-BATCH-09,5,29.85,8.8,5.8,25.71,424.9,805.1,0.332,0.774,0.835
ZENODO-BATCH-09,6,30.5,8.33,6.87,30.52,540.4,491.6,0.362,0.835,0.916
ZENODO-BATCH-09,7,29.92,7.94,6.37,33.92,388.9,955.0,0.376,0.916,1.044
ZENODO-BATCH-09,8,28.67,9.02,7.92,34.38,396.4,385.7,0.315,1.044,1.092
ZENODO-BATCH-09,9,29.75,8.25,7.66,37.14,469.1,639.2,0.337,1.092,1.214
ZENODO-BATCH-09,10,27.94,8.28,7.9,37.12,484.8,807.1,0.33,1.214,1.322
ZENODO-BATCH-09,11,26.24,7.44,5.96,43.3,513.8,134.2,0.381,1.322,1.332
ZENODO-BATCH-09,12,30.04,8.44,6.42,39.16,459.3,521.7,0.363,1.332,1.427
ZENODO-BATCH-09,13,28.15,8.3,8.17,47.65,449.2,1019.3,0.36,1.427,1.548
ZENODO-BATCH-09,14,30.24,8.22,7.67,42.17,411.0,181.9,0.36,1.548,1.615
ZENODO-BATCH-09,15,29.76,8.23,7.17,50.66,486.7,851.2,0.34,1.615,1.75
ZENODO-BATCH-09,16,25.05,8.35,6.68,51.62,416.6,512.8,0.351,1.75,1.793
ZENODO-BATCH-09,17,27.59,8.02,6.95,53.0,331.6,908.6,0.381,1.793,1.915
ZENODO-BATCH-09,18,23.41,7.69,6.29,55.33,529.8,812.5,0.342,1.915,1.912
ZENODO-BATCH-09,19,29.8,7.05,6.84,55.41,415.2,808.6,0.363,1.912,1.926
ZENODO-BATCH-09,20,30.92,7.48,7.93,56.54,424.4,756.8,0.364,1.926,1.995
ZENODO-BATCH-09,21,31.32,8.18,7.31,49.2,487.0,719.8,0.364,1.995,2.115
ZENODO-BATCH-09,22,28.65,7.52,6.33,63.07,364.2,555.5,0.347,2.115,2.168
ZENODO-BATCH-09,23,29.08,7.74,6.64,58.87,426.4,571.6,0.343,2.168,2.235
ZENODO-BATCH-09,24,26.82,8.31,7.23,56.43,388.2,663.4,0.348,2.235,2.303
ZENODO-BATCH-09,25,29.99,7.74,7.7,64.64,445.4,496.4,0.386,2.303,2.381
ZENODO-BATCH-09,26,29.37,7.94,7.5,65.78,456.1,837.3,0.331,2.381,2.468
ZENODO-BATCH-09,27,29.08,8.21,6.88,60.67,481.8,670.1,0.318,2.468,2.559
ZENODO-BATCH-09,28,27.38,7.47,6.8,72.24,455.8,739.2,0.355,2.559,2.609
ZENODO-BATCH-09,29,28.86,8.21,6.99,64.68,473.9,748.4,0.353,2.609,2.687
ZENODO-BATCH-09,30,29.69,8.03,6.2,68.93,410.0,702.8,0.354,2.687,2.721
ZENODO-BATCH-09,31,25.72,7.82,6.5,75.8,468.1,859.4,0.338,2.721,2.766
ZENODO-BATCH-09,32,25.7,8.77,7.07,69.37,496.0,705.5,0.374,2.766,2.783
ZENODO-BATCH-09,33,31.54,7.17,7.75,75.42,442.3,711.7,0.371,2.783,2.794
ZENODO-BATCH-09,34,28.6,8.1,6.54,73.24,525.7,757.8,0.342,2.794,2.866
ZENODO-BATCH-09,35,29.06,8.69,6.35,79.29,486.6,906.1,0.383,2.866,2.901
ZENODO-BATCH-09,36,25.05,7.55,5.83,74.41,428.4,765.8,0.318,2.901,2.914
ZENODO-BATCH-09,37,32.01,8.47,7.43,75.99,477.1,651.3,0.365,2.914,2.952
ZENODO-BATCH-09,38,30.56,8.29,6.63,72.41,501.4,698.5,0.32,2.952,2.972
ZENODO-BATCH-09,39,30.15,8.06,6.81,77.11,437.7,756.8,0.329,2.972,3.0
ZENODO-BATCH-09,40,29.53,8.38,8.06,78.24,392.2,684.5,0.348,3.0,3.05
ZENODO-BATCH-09,41,30.77,8.45,7.39,84.23,459.5,719.6,0.358,3.05,3.104
ZENODO-BATCH-09,42,29.23,7.28,7.77,79.79,541.5,548.7,0.359,3.104,3.09
ZENODO-BATCH-09,43,32.69,7.88,7.03,79.23,401.5,851.3,0.37,3.09,3.092
ZENODO-BATCH-09,44,28.53,7.65,6.86,83.38,492.1,445.7,0.364,3.092,3.119
ZENODO-BATCH-09,45,24.45,7.94,9.0,84.12,484.9,816.8,0.332,3.119,3.129
ZENODO-BATCH-09,46,24.4,8.0,5.54,81.62,383.3,767.3,0.315,3.129,3.125
ZENODO-BATCH-09,47,26.95,7.99,5.74,85.83,439.5,463.7,0.374,3.125,3.098
ZENODO-BATCH-09,48,27.33,8.07,6.83,89.09,505.1,688.6,0.348,3.098,3.11
ZENODO-BATCH-09,49,32.92,8.48,7.19,77.83,427.6,620.3,0.327,3.11,3.109
ZENODO-BATCH-09,50,29.23,9.07,5.9,75.23,480.8,632.7,0.371,3.109,3.125
ZENODO-BATCH-09,51,28.3,8.2,6.2,80.79,401.4,666.0,0.367,3.125,3.131
ZENODO-BATCH-09,52,29.61,8.3,7.79,79.34,570.7,577.3,0.353,3.131,3.155
ZENODO-BATCH-09,53,26.53,7.86,6.59,83.96,461.4,1024.8,0.35,3.155,3.169
ZENODO-BATCH-09,54,30.94,7.69,7.27,83.83,451.9,890.8,0.374,3.169,3.177
ZENODO-BATCH-09,55,23.54,8.23,7.99,79.89,492.0,578.8,0.344,3.177,3.201
ZENODO-BATCH-09,56,26.99,7.71,6.51,75.83,435.0,570.1,0.367,3.201,3.188
ZENODO-BATCH-09,57,28.38,8.34,5.92,82.21,529.5,1024.5,0.312,3.188,3.18
ZENODO-BATCH-09,58,25.52,8.26,6.7,80.73,422.2,761.5,0.335,3.18,3.19
ZENODO-BATCH-09,59,25.81,7.96,7.42,83.9,459.7,648.1,0.391,3.19,3.2
ZENODO-BATCH-09,60,27.83,7.81,7.51,84.18,428.0,624.9,0.317,3.2,3.198
ZENODO-BATCH-09,61,30.33,7.92,6.86,84.75,441.7,557.8,0.366,3.198,3.227
ZENODO-BATCH-09,62,27.26,6.74,7.77,81.51,470.4,646.3,0.356,3.227,2.76
ZENODO-BATCH-09,63,25.92,8.13,8.47,72.32,460.9,525.6,0.347,2.76,2.768
ZENODO-BATCH-09,64,27.78,8.77,8.08,76.77,445.7,675.0,0.344,2.768,2.781
ZENODO-BATCH-09,65,30.19,8.99,6.69,76.21,376.0,901.4,0.345,2.781,2.781
ZENODO-BATCH-09,66,25.95,7.53,8.48,75.25,403.7,571.4,0.337,2.781,2.797
ZENODO-BATCH-09,67,28.51,7.98,7.28,72.24,466.9,858.6,0.338,2.797,2.859
ZENODO-BATCH-09,68,29.08,8.31,6.82,74.34,547.5,584.3,0.349,2.859,2.934
ZENODO-BATCH-09,69,27.77,8.08,7.29,77.45,428.8,741.3,0.397,2.934,2.972
ZENODO-BATCH-09,70,26.71,9.02,7.72,78.56,498.4,1069.0,0.345,2.972,2.969
ZENODO-BATCH-09,71,25.68,7.58,6.8,80.3,398.0,793.9,0.349,2.969,2.971
ZENODO-BATCH-09,72,31.28,8.67,6.97,76.52,510.5,527.2,0.34,2.971,2.988
ZENODO-BATCH-09,73,27.46,7.87,7.07,77.89,466.3,584.8,0.361,2.988,3.011
ZENODO-BATCH-09,74,29.98,8.89,7.9,79.56,520.3,982.6,0.392,3.011,3.03
ZENODO-BATCH-09,75,34.11,7.02,7.98,78.98,516.4,681.5,0.401,3.03,2.571
ZENODO-BATCH-09,76,27.67,8.39,7.16,66.73,533.5,1011.9,0.355,2.571,2.64
ZENODO-BATCH-09,77,31.12,8.97,7.01,68.91,470.9,594.5,0.367,2.64,2.633
ZENODO-BATCH-09,78,31.01,8.11,7.48,65.04,479.6,684.1,0.359,2.633,2.7
ZENODO-BATCH-09,79,23.73,8.6,7.46,70.05,398.4,921.3,0.371,2.7,2.723
ZENODO-BATCH-09,80,21.54,8.74,7.99,73.36,448.4,725.4,0.385,2.723,2.75
ZENODO-BATCH-09,81,24.62,8.55,5.66,75.13,424.5,696.2,0.362,2.75,2.789
ZENODO-BATCH-09,82,31.44,7.9,6.99,70.56,522.8,952.3,0.351,2.789,2.851
ZENODO-BATCH-09,83,24.72,8.49,5.7,70.93,410.1,612.6,0.346,2.851,2.868
ZENODO-BATCH-09,84,32.92,8.34,6.18,74.9,415.8,1079.5,0.329,2.868,2.931
ZENODO-BATCH-09,85,24.34,8.53,6.19,76.35,449.9,594.0,0.368,2.931,2.958
ZENODO-BATCH-09,86,28.94,7.38,5.7,74.36,369.4,917.4,0.332,2.958,2.991
ZENODO-BATCH-09,87,28.07,8.81,7.58,76.41,474.3,617.8,0.364,2.991,3.001
ZENODO-BATCH-09,88,27.75,7.51,7.66,82.03,442.7,704.9,0.352,3.001,3.015
ZENODO-BATCH-09,89,27.09,8.28,6.63,79.56,380.2,850.4,0.336,3.015,3.045
ZENODO-BATCH-09,90,28.75,7.13,6.8,77.58,449.2,422.7,0.35,3.045,3.071
ZENODO-BATCH-09,91,22.77,8.39,7.83,77.75,491.6,869.0,0.369,3.071,3.057
ZENODO-BATCH-09,92,23.41,8.09,6.97,75.69,512.3,580.0,0.329,3.057,3.091
ZENODO-BATCH-09,93,28.44,7.9,6.89,83.56,545.4,742.3,0.364,3.091,3.077
ZENODO-BATCH-09,94,26.9,8.73,6.59,77.99,478.7,594.1,0.341,3.077,3.096
ZENODO-BATCH-09,95,29.0,8.29,5.62,87.39,538.3,1171.3,0.341,3.096,3.105
ZENODO-BATCH-09,96,33.72,8.06,7.13,85.03,498.9,677.9,0.36,3.105,2.647
ZENODO-BATCH-09,97,28.85,9.0,8.78,69.59,427.0,877.8,0.363,2.647,2.644
ZENODO-BATCH-09,98,25.06,9.02,5.78,65.3,463.8,1033.1,0.328,2.644,2.632
ZENODO-BATCH-09,99,33.57,9.18,6.17,74.82,459.6,518.2,0.35,2.632,2.248
ZENODO-BATCH-10,0,29.11,8.58,6.99,19.11,517.9,606.9,0.356,0.45,0.483
ZENODO-BATCH-10,1,30.22,8.05,7.76,22.27,431.1,566.3,0.337,0.483,0.536
ZENODO-BATCH-10,2,23.71,7.59,8.05,25.95,426.8,780.5,0.369,0.536,0.573
ZENODO-BATCH-10,3,28.29,8.54,8.79,25.77,570.4,614.8,0.35,0.573,0.654
ZENODO-BATCH-10,4,28.13,7.95,7.35,21.23,463.5,877.3,0.333,0.654,0.733
ZENODO-BATCH-10,5,30.76,8.15,6.36,27.88,428.3,978.6,0.349,0.733,0.824
ZENODO-BATCH-10,6,26.56,8.87,8.2,33.35,458.2,1074.0,0.329,0.824,0.879
ZENODO-BATCH-10,7,30.66,8.24,6.7,31.7,431.1,188.2,0.33,0.879,0.922
ZENODO-BATCH-10,8,26.44,7.77,6.67,30.91,510.5,591.2,0.34,0.922,0.981
ZENODO-BATCH-10,9,29.64,6.88,6.36,32.23,524.6,903.9,0.331,0.981,0.977
ZENODO-BATCH-10,10,29.06,7.37,6.46,34.56,529.3,518.8,0.375,0.977,0.984
ZENODO-BATCH-10,11,30.09,8.2,7.58,37.18,471.0,638.0,0.364,0.984,1.088
ZENODO-BATCH-10,12,25.06,8.04,9.1,36.66,492.6,1249.7,0.378,1.088,1.15
ZENODO-BATCH-10,13,28.41,7.47,6.72,39.85,514.5,723.2,0.358,1.15,1.187
ZENODO-BATCH-10,14,27.37,7.79,6.48,35.37,402.1,572.0,0.378,1.187,1.261
ZENODO-BATCH-10,15,27.24,8.78,7.44,36.17,498.9,956.0,0.345,1.261,1.356
ZENODO-BATCH-10,16,26.6,8.55,8.03,47.02,435.0,910.7,0.365,1.356,1.428
ZENODO-BATCH-10,17,25.29,8.02,6.89,44.83,462.6,757.6,0.312,1.428,1.518
ZENODO-BATCH-10,18,29.66,8.52,7.95,44.46,477.9,823.0,0.358,1.518,1.614
ZENODO-BATCH-10,19,27.88,8.39,7.55,51.36,474.1,663.1,0.367,1.614,1.725
ZENODO-BATCH-10,20,25.23,8.09,8.31,51.09,377.4,727.9,0.353,1.725,1.803
ZENODO-BATCH-10,21,26.92,8.51,6.58,50.54,451.7,700.2,0.383,1.803,1.898
ZENODO-BATCH-10,22,23.81,8.78,7.02,60.62,464.4,909.4,0.358,1.898,1.892
ZENODO-BATCH-10,23,30.46,7.84,6.86,50.22,448.8,716.4,0.35,1.892,1.996
ZENODO-BATCH-10,24,24.01,8.49,7.36,56.03,407.3,661.2,0.319,1.996,2.003
ZENODO-BATCH-10,25,29.65,7.83,6.58,51.52,473.2,638.8,0.349,2.003,2.103
ZENODO-BATCH-10,26,32.91,9.51,5.78,60.59,495.5,736.4,0.38,2.103,1.783
ZENODO-BATCH-10,27,31.59,8.14,6.35,48.06,481.4,637.6,0.37,1.783,1.854
ZENODO-BATCH-10,28,26.23,8.59,6.72,49.25,399.3,609.0,0.349,1.854,1.897
ZENODO-BATCH-10,29,33.78,7.86,6.86,56.58,443.5,661.9,0.362,1.897,1.609
ZENODO-BATCH-10,30,25.41,8.82,5.4,53.15,537.9,702.8,0.354,1.609,1.641
ZENODO-BATCH-10,31,27.94,8.38,6.93,51.79,446.0,619.4,0.337,1.641,1.755
ZENODO-BATCH-10,32,29.13,8.61,6.72,47.43,425.2,672.4,0.35,1.755,1.839
ZENODO-BATCH-10,33,27.21,9.21,8.58,54.72,451.9,220.7,0.352,1.839,1.854
ZENODO-BATCH-10,34,26.83,7.24,6.56,58.02,425.1,757.0,0.34,1.854,1.913
ZENODO-BATCH-10,35,29.04,8.04,8.63,46.95,481.1,508.1,0.345,1.913,2.029
ZENODO-BATCH-10,36,30.96,7.54,7.14,59.69,480.3,751.8,0.334,2.029,2.072
ZENODO-BATCH-10,37,24.79,7.33,7.27,56.0,487.7,947.0,0.341,2.072,2.072
ZENODO-BATCH-10,38,27.42,7.3,7.69,59.97,446.0,587.5,0.349,2.072,2.119
ZENODO-BATCH-10,39,31.15,8.46,7.79,59.64,415.9,722.1,0.384,2.119,2.226
ZENODO-BATCH-10,40,24.69,7.73,8.25,58.37,471.9,873.9,0.35,2.226,2.254
ZENODO-BATCH-10,41,24.67,7.74,7.49,60.51,499.3,895.0,0.316,2.254,2.268
ZENODO-BATCH-10,42,31.44,7.99,6.69,59.69,461.3,524.6,0.38,2.268,2.313
ZENODO-BATCH-10,43,23.12,8.24,8.15,62.8,395.7,618.9,0.363,2.313,2.35
ZENODO-BATCH-10,44,30.16,7.88,7.52,61.16,496.8,532.9,0.353,2.35,2.432
ZENODO-BATCH-10,45,26.61,8.2,5.94,68.49,430.3,980.4,0.329,2.432,2.509
ZENODO-BATCH-10,46,28.18,8.02,7.44,64.51,421.8,807.4,0.335,2.509,2.578
ZENODO-BATCH-10,47,27.56,8.23,6.55,73.23,294.0,762.4,0.342,2.578,2.625
ZENODO-BATCH-10,48,28.91,8.92,6.56,67.34,477.7,483.7,0.34,2.625,2.643
ZENODO-BATCH-10,49,35.3,8.63,5.91,73.36,482.1,918.3,0.358,2.643,2.238
ZENODO-BATCH-10,50,30.91,8.57,6.32,65.54,441.2,1053.4,0.343,2.238,2.287
ZENODO-BATCH-10,51,23.33,8.29,7.96,56.69,460.3,640.3,0.339,2.287,2.338
ZENODO-BATCH-10,52,26.01,7.77,7.15,66.69,442.7,918.7,0.36,2.338,2.383
ZENODO-BATCH-10,53,32.3,7.29,8.3,62.41,422.2,856.8,0.353,2.383,2.408
ZENODO-BATCH-10,54,30.73,8.54,7.2,67.23,438.2,534.7,0.349,2.408,2.439
ZENODO-BATCH-10,55,29.34,8.12,7.03,63.55,426.6,569.1,0.278,2.439,2.508
ZENODO-BATCH-10,56,29.83,7.89,8.0,65.68,529.4,681.3,0.368,2.508,2.588
ZENODO-BATCH-10,57,27.92,8.16,8.39,70.79,433.1,793.7,0.347,2.588,2.684
ZENODO-BATCH-10,58,31.08,7.62,7.91,69.08,498.3,800.1,0.328,2.684,2.733
ZENODO-BATCH-10,59,26.6,8.12,6.62,73.12,457.8,1003.7,0.332,2.733,2.763
ZENODO-BATCH-10,60,27.88,8.4,6.63,71.89,490.0,953.8,0.374,2.763,2.801
ZENODO-BATCH-10,61,28.07,8.9,8.51,69.77,460.6,749.7,0.321,2.801,2.802
ZENODO-BATCH-10,62,29.43,8.32,6.88,74.0,471.0,997.7,0.35,2.802,2.834
ZENODO-BATCH-10,63,35.28,8.48,7.77,72.45,487.7,757.8,0.347,2.834,2.415
ZENODO-BATCH-10,64,29.46,7.89,7.78,65.2,473.2,975.4,0.378,2.415,2.505
ZENODO-BATCH-10,65,30.53,7.92,6.44,62.89,465.6,729.7,0.396,2.505,2.553
ZENODO-BATCH-10,66,31.79,8.57,8.37,75.96,487.3,535.3,0.349,2.553,2.569
ZENODO-BATCH-10,67,30.23,8.77,6.97,70.97,450.8,880.4,0.359,2.569,2.624
ZENODO-BATCH-10,68,31.1,7.79,6.89,70.05,417.7,679.0,0.37,2.624,2.707
ZENODO-BATCH-10,69,28.98,8.28,7.15,71.9,431.3,739.1,0.373,2.707,2.759
ZENODO-BATCH-10,70,26.19,8.05,6.13,73.13,513.7,733.3,0.344,2.759,2.772
ZENODO-BATCH-10,71,26.42,7.94,7.07,74.27,468.6,576.7,0.339,2.772,2.833
ZENODO-BATCH-10,72,32.6,7.38,7.32,74.68,452.0,823.9,0.342,2.833,2.845
ZENODO-BATCH-10,73,27.05,7.85,7.68,73.11,470.5,639.2,0.367,2.845,2.882
ZENODO-BATCH-10,74,30.91,8.77,7.35,74.82,450.1,709.4,0.327,2.882,2.915
ZENODO-BATCH-10,75,30.1,8.13,7.76,75.3,422.9,759.2,0.348,2.915,2.947
ZENODO-BATCH-10,76,28.34,8.05,8.47,74.16,442.2,838.5,0.379,2.947,2.983
ZENODO-BATCH-10,77,26.87,8.1,7.49,74.62,446.2,1080.4,0.361,2.983,2.997
ZENODO-BATCH-10,78,25.48,7.85,8.84,73.69,484.5,207.0,0.353,2.997,2.996
ZENODO-BATCH-10,79,27.35,7.79,6.28,82.49,496.5,874.8,0.365,2.996,3.046
ZENODO-BATCH-10,80,35.66,7.84,6.73,77.27,444.1,1228.4,0.357,3.046,2.593
ZENODO-BATCH-10,81,25.2,8.14,7.31,72.56,457.4,951.4,0.36,2.593,2.608
ZENODO-BATCH-10,82,29.96,8.13,6.24,63.57,507.7,750.0,0.33,2.608,2.674
ZENODO-BATCH-10,83,31.83,8.2,6.01,71.99,438.1,478.8,0.327,2.674,2.697
ZENODO-BATCH-10,84,31.28,8.22,7.82,72.34,447.5,735.4,0.366,2.697,2.757
ZENODO-BATCH-10,85,27.97,8.49,6.98,70.59,460.1,659.2,0.341,2.757,2.812
ZENODO-BATCH-10,86,31.78,8.78,6.95,71.15,518.0,493.8,0.362,2.812,2.834
ZENODO-BATCH-10,87,29.28,7.58,7.06,73.78,520.6,829.5,0.377,2.834,2.876
ZENODO-BATCH-10,88,22.95,9.34,5.62,70.94,447.2,989.2,0.356,2.876,2.449
ZENODO-BATCH-10,89,29.53,7.83,7.98,61.63,496.3,921.8,0.35,2.449,2.541
ZENODO-BATCH-10,90,27.82,7.62,7.17,68.18,554.5,963.4,0.393,2.541,2.586
ZENODO-BATCH-10,91,26.92,8.99,6.75,71.98,493.1,579.6,0.341,2.586,2.603
ZENODO-BATCH-10,92,27.49,8.76,6.68,69.51,489.0,1007.5,0.34,2.603,2.653
ZENODO-BATCH-10,93,26.03,8.58,6.46,70.15,382.8,735.4,0.34,2.653,2.717
ZENODO-BATCH-10,94,29.1,7.87,7.46,75.4,444.2,759.7,0.362,2.717,2.771
ZENODO-BATCH-10,95,32.6,8.66,7.46,77.92,559.4,592.7,0.333,2.771,2.824
ZENODO-BATCH-10,96,28.42,8.02,8.22,74.43,492.2,689.0,0.361,2.824,2.895
ZENODO-BATCH-10,97,27.72,8.71,7.11,74.56,479.4,668.1,0.349,2.895,2.941
ZENODO-BATCH-10,98,26.67,7.92,5.29,71.27,504.0,1101.8,0.339,2.941,2.955
ZENODO-BATCH-10,99,20.65,8.19,5.9,75.77,462.7,514.5,0.352,2.955,2.979
ZENODO-BATCH-11,0,30.79,8.77,8.39,26.74,432.3,299.1,0.324,0.507,0.531
ZENODO-BATCH-11,1,28.35,8.28,6.99,24.21,417.0,781.7,0.357,0.531,0.603
ZENODO-BATCH-11,2,26.7,8.53,6.77,22.54,388.9,742.8,0.332,0.603,0.644
ZENODO-BATCH-11,3,30.03,7.97,6.58,28.76,462.8,760.5,0.343,0.644,0.718
ZENODO-BATCH-11,4,29.87,8.82,7.42,33.23,373.6,798.3,0.338,0.718,0.769
ZENODO-BATCH-11,5,27.01,8.5,7.89,33.18,382.7,736.3,0.342,0.769,0.829
ZENODO-BATCH-11,6,32.1,8.44,7.48,29.86,437.9,895.3,0.315,0.829,0.864
ZENODO-BATCH-11,7,25.64,7.85,7.23,34.25,453.4,838.9,0.347,0.864,0.912
ZENODO-BATCH-11,8,29.12,7.99,7.17,27.22,515.1,926.9,0.338,0.912,1.003
ZENODO-BATCH-11,9,23.08,7.84,9.06,32.72,457.7,784.3,0.343,1.003,1.035
ZENODO-BATCH-11,10,23.68,7.58,7.06,35.49,451.2,839.5,0.331,1.035,1.038
ZENODO-BATCH-11,11,28.68,7.73,6.86,34.23,551.1,687.2,0.347,1.038,1.12
ZENODO-BATCH-11,12,29.67,8.37,7.28,31.2,451.9,770.3,0.346,1.12,1.268
ZENODO-BATCH-11,13,30.32,7.81,6.8,39.74,399.4,761.4,0.32,1.268,1.329
ZENODO-BATCH-11,14,29.47,8.56,6.5,39.17,467.2,571.1,0.36,1.329,1.434
ZENODO-BATCH-11,15,23.97,7.8,7.64,42.02,469.2,520.4,0.356,1.434,1.417
ZENODO-BATCH-11,16,28.6,8.6,6.67,42.41,440.9,1202.5,0.356,1.417,1.541
ZENODO-BATCH-11,17,26.48,8.14,8.13,49.69,473.9,877.7,0.341,1.541,1.612
ZENODO-BATCH-11,18,24.44,8.83,7.28,43.48,501.4,721.3,0.35,1.612,1.636
ZENODO-BATCH-11,19,31.9,8.28,6.39,47.05,489.4,842.8,0.367,1.636,1.718
ZENODO-BATCH-11,20,33.74,8.52,7.23,49.91,462.9,605.1,0.384,1.718,1.482
ZENODO-BATCH-11,21,25.26,8.24,6.82,49.79,437.7,582.7,0.336,1.482,1.561
ZENODO-BATCH-11,22,29.51,8.04,7.44,47.97,493.4,597.0,0.347,1.561,1.689
ZENODO-BATCH-11,23,28.11,7.9,8.93,52.46,471.3,482.2,0.328,1.689,1.772
ZENODO-BATCH-11,24,27.31,8.66,7.38,53.67,471.2,674.1,0.337,1.772,1.847
ZENODO-BATCH-11,25,25.03,7.85,8.24,54.39,462.3,159.0,0.329,1.847,1.878
ZENODO-BATCH-11,26,26.62,8.94,5.89,52.87,550.5,670.9,0.345,1.878,1.917
ZENODO-BATCH-11,27,30.29,9.78,6.32,57.68,461.1,801.9,0.312,1.917,1.624
ZENODO-BATCH-11,28,35.01,8.64,7.52,42.47,477.7,781.5,0.336,1.624,1.375
ZENODO-BATCH-11,29,28.45,7.96,8.03,42.76,426.3,488.5,0.365,1.375,1.48
ZENODO-BATCH-11,30,25.67,7.89,7.29,39.61,414.8,776.0,0.325,1.48,1.553
ZENODO-BATCH-11,31,31.07,7.97,8.67,44.34,360.6,446.3,0.352,1.553,1.623
ZENODO-BATCH-11,32,23.72,8.53,9.11,52.71,424.8,1080.0,0.348,1.623,1.656
ZENODO-BATCH-11,33,29.27,9.08,5.65,49.81,476.9,860.9,0.32,1.656,1.717
ZENODO-BATCH-11,34,28.82,7.98,7.3,46.88,424.7,388.9,0.333,1.717,1.809
ZENODO-BATCH-11,35,32.12,8.56,7.64,50.56,468.5,771.5,0.348,1.809,1.884
ZENODO-BATCH-11,36,27.94,7.72,8.41,50.54,375.9,979.8,0.36,1.884,1.965
ZENODO-BATCH-11,37,27.43,8.61,7.8,60.52,480.8,861.8,0.348,1.965,2.068
ZENODO-BATCH-11,38,27.31,8.61,6.93,57.45,448.3,850.2,0.374,2.068,2.151
ZENODO-BATCH-11,39,32.0,9.39,7.26,60.45,450.1,625.2,0.352,2.151,1.823
ZENODO-BATCH-11,40,25.33,9.04,7.55,49.74,441.2,830.2,0.387,1.823,1.848
ZENODO-BATCH-11,41,25.03,8.2,7.05,54.42,409.8,831.0,0.366,1.848,1.887
ZENODO-BATCH-11,42,29.43,8.5,6.73,50.02,509.0,739.4,0.358,1.887,1.971
ZENODO-BATCH-11,43,30.45,8.26,7.86,58.34,412.1,636.6,0.32,1.971,2.078
ZENODO-BATCH-11,44,24.86,8.31,6.54,53.47,513.5,1197.7,0.364,2.078,2.112
ZENODO-BATCH-11,45,28.33,8.5,7.6,58.28,497.1,866.0,0.318,2.112,2.229
ZENODO-BATCH-11,46,29.61,8.33,5.63,60.71,474.1,779.3,0.373,2.229,2.344
ZENODO-BATCH-11,47,22.74,9.0,8.9,66.02,574.4,511.8,0.324,2.344,2.334
ZENODO-BATCH-11,48,26.9,7.97,6.24,62.74,474.6,800.6,0.359,2.334,2.383
ZENODO-BATCH-11,49,27.41,9.0,7.85,65.07,377.4,647.9,0.331,2.383,2.409
ZENODO-BATCH-11,50,32.9,8.17,6.22,70.31,438.9,514.0,0.346,2.409,2.467
ZENODO-BATCH-11,51,33.6,8.47,7.42,68.61,415.1,745.8,0.347,2.467,2.086
ZENODO-BATCH-11,52,28.63,7.54,5.9,54.0,490.4,780.8,0.323,2.086,2.143
ZENODO-BATCH-11,53,25.01,8.87,5.93,61.09,487.0,798.5,0.376,2.143,2.159
ZENODO-BATCH-11,54,24.65,8.22,6.64,51.7,440.9,636.0,0.364,2.159,2.222
ZENODO-BATCH-11,55,31.0,8.34,7.17,64.3,508.7,694.1,0.344,2.222,2.339
ZENODO-BATCH-11,56,26.07,8.44,6.58,63.16,482.6,524.4,0.374,2.339,2.394
ZENODO-BATCH-11,57,32.58,7.92,8.16,63.88,431.5,843.3,0.386,2.394,2.407
ZENODO-BATCH-11,58,26.78,9.34,6.71,67.29,539.7,613.4,0.337,2.407,2.053
ZENODO-BATCH-11,59,30.63,8.25,8.12,60.27,503.3,906.2,0.338,2.053,2.154
ZENODO-BATCH-11,60,28.11,8.17,8.18,58.58,381.9,540.3,0.336,2.154,2.236
ZENODO-BATCH-11,61,27.86,8.02,8.57,59.77,433.4,950.2,0.373,2.236,2.34
ZENODO-BATCH-11,62,29.8,8.63,6.44,62.77,468.4,889.3,0.363,2.34,2.374
ZENODO-BATCH-11,63,29.48,7.92,5.96,63.28,460.3,637.5,0.353,2.374,2.442
ZENODO-BATCH-11,64,28.62,7.49,7.44,69.22,481.2,733.6,0.366,2.442,2.482
ZENODO-BATCH-11,65,31.24,8.21,7.41,66.61,442.3,594.1,0.372,2.482,2.536
ZENODO-BATCH-11,66,32.11,7.6,8.61,68.54,500.2,599.9,0.36,2.536,2.56
ZENODO-BATCH-11,67,29.87,8.31,6.51,68.81,446.1,584.2,0.35,2.56,2.656
ZENODO-BATCH-11,68,27.01,8.17,7.58,69.01,541.2,946.7,0.345,2.656,2.693
ZENODO-BATCH-11,69,26.18,8.3,7.04,72.27,488.1,687.4,0.335,2.693,2.775
ZENODO-BATCH-11,70,27.71,8.31,8.22,71.83,434.3,872.4,0.318,2.775,2.824
ZENODO-BATCH-11,71,28.88,7.36,8.1,71.91,478.6,963.5,0.382,2.824,2.805
ZENODO-BATCH-11,72,31.37,8.12,9.17,76.56,485.9,516.0,0.348,2.805,2.828
ZENODO-BATCH-11,73,24.28,8.66,8.56,70.53,439.0,818.3,0.315,2.828,2.832
ZENODO-BATCH-11,74,27.61,8.91,6.18,70.89,451.3,728.9,0.372,2.832,2.834
ZENODO-BATCH-11,75,27.5,8.32,6.97,75.86,491.8,590.4,0.371,2.834,2.904
ZENODO-BATCH-11,76,27.39,8.63,7.84,75.11,590.1,398.4,0.344,2.904,2.925
ZENODO-BATCH-11,77,33.1,8.65,8.16,78.47,404.3,640.2,0.367,2.925,2.935
ZENODO-BATCH-11,78,27.75,9.01,7.98,72.46,488.8,1040.1,0.355,2.935,2.934
ZENODO-BATCH-11,79,31.37,8.82,8.07,78.41,475.6,909.7,0.349,2.934,2.948
ZENODO-BATCH-11,80,25.86,8.64,7.41,75.87,571.3,949.5,0.329,2.948,2.964
ZENODO-BATCH-11,81,28.87,8.46,7.36,77.89,495.0,785.3,0.305,2.964,2.997
ZENODO-BATCH-11,82,29.88,8.09,7.07,78.14,485.0,760.2,0.364,2.997,3.028
ZENODO-BATCH-11,83,21.19,7.74,8.22,81.16,469.7,514.6,0.348,3.028,3.039
ZENODO-BATCH-11,84,28.85,8.51,7.51,80.28,453.6,764.3,0.379,3.039,3.063
ZENODO-BATCH-11,85,26.31,8.89,7.5,82.65,383.2,466.7,0.332,3.063,3.043
ZENODO-BATCH-11,86,30.9,8.62,5.82,78.25,365.5,741.2,0.355,3.043,3.068
ZENODO-BATCH-11,87,28.33,8.18,6.68,76.29,497.0,283.3,0.342,3.068,3.059
ZENODO-BATCH-11,88,32.18,8.61,5.81,80.56,450.3,866.2,0.392,3.059,3.071
ZENODO-BATCH-11,89,27.6,7.33,7.64,80.56,412.4,925.5,0.365,3.071,3.084
ZENODO-BATCH-11,90,31.87,7.89,5.73,83.6,449.9,749.6,0.356,3.084,3.115
ZENODO-BATCH-11,91,33.14,7.45,8.48,78.94,468.3,1013.2,0.342,3.115,3.099
ZENODO-BATCH-11,92,30.44,8.48,7.53,77.22,362.6,518.9,0.361,3.099,3.092
ZENODO-BATCH-11,93,30.14,9.09,7.44,78.93,420.4,630.9,0.363,3.092,3.127
ZENODO-BATCH-11,94,30.75,8.08,8.15,81.85,519.4,433.4,0.344,3.127,3.133
ZENODO-BATCH-11,95,29.8,7.79,7.95,78.68,496.5,509.8,0.34,3.133,3.157
ZENODO-BATCH-11,96,26.71,8.27,7.35,82.53,394.0,707.1,0.352,3.157,3.164
ZENODO-BATCH-11,97,33.84,8.77,8.61,77.92,465.9,727.0,0.367,3.164,2.699
ZENODO-BATCH-11,98,31.61,8.98,6.45,73.58,438.6,647.7,0.356,2.699,2.709
ZENODO-BATCH-11,99,28.15,7.33,7.5,71.74,389.6,991.7,0.355,2.709,2.73
ZENODO-BATCH-12,0,28.32,8.12,6.92,19.46,426.6,798.3,0.352,0.407,0.471
ZENODO-BATCH-12,1,33.17,7.91,7.08,22.99,369.9,420.3,0.337,0.471,0.492
ZENODO-BATCH-12,2,24.49,7.43,6.86,24.24,466.1,773.3,0.317,0.492,0.521
ZENODO-BATCH-12,3,29.19,7.87,8.05,18.16,398.5,728.0,0.352,0.521,0.572
ZENODO-BATCH-12,4,29.66,8.1,7.65,18.11,404.9,670.3,0.337,0.572,0.634
ZENODO-BATCH-12,5,30.95,8.08,7.47,25.74,479.3,1032.8,0.347,0.634,0.701
ZENODO-BATCH-12,6,27.74,8.49,6.3,29.01,411.6,551.6,0.391,0.701,0.768
ZENODO-BATCH-12,7,25.86,8.53,6.42,27.62,469.6,699.0,0.353,0.768,0.804
ZENODO-BATCH-12,8,30.34,7.56,6.5,29.02,490.8,821.7,0.334,0.804,0.856
ZENODO-BATCH-12,9,28.12,8.45,5.83,35.88,437.2,1037.3,0.367,0.856,0.954
ZENODO-BATCH-12,10,25.78,8.19,6.12,29.97,488.9,518.7,0.344,0.954,1.014
ZENODO-BATCH-12,11,27.58,8.33,7.7,31.34,415.6,724.0,0.349,1.014,1.141
ZENODO-BATCH-12,12,29.69,8.18,7.08,34.14,542.9,974.7,0.357,1.141,1.264
ZENODO-BATCH-12,13,28.0,8.33,7.39,36.99,485.2,779.9,0.326,1.264,1.37
ZENODO-BATCH-12,14,27.79,8.72,7.96,43.52,443.9,510.7,0.344,1.37,1.435
ZENODO-BATCH-12,15,29.14,8.15,6.91,45.17,390.5,840.1,0.356,1.435,1.58
ZENODO-BATCH-12,16,27.52,8.92,7.85,47.68,519.8,601.4,0.332,1.58,1.629
ZENODO-BATCH-12,17,30.06,8.15,7.12,47.16,521.6,664.7,0.367,1.629,1.773
ZENODO-BATCH-12,18,26.8,7.97,8.48,50.54,440.0,994.4,0.368,1.773,1.842
ZENODO-BATCH-12,19,28.45,8.3,6.65,54.82,531.5,930.1,0.366,1.842,1.989
ZENODO-BATCH-12,20,29.75,7.38,7.04,56.67,408.0,692.0,0.37,1.989,2.044
ZENODO-BATCH-12,21,29.35,7.67,7.03,51.87,466.7,266.2,0.33,2.044,2.084
ZENODO-BATCH-12,22,28.01,8.55,6.37,57.99,532.4,754.0,0.368,2.084,2.188
ZENODO-BATCH-12,23,27.41,8.73,7.19,61.6,429.4,773.1,0.345,2.188,2.232
ZENODO-BATCH-12,24,28.43,8.43,7.82,61.75,520.6,725.9,0.35,2.232,2.335
ZENODO-BATCH-12,25,29.51,7.43,8.22,62.79,393.2,665.7,0.349,2.335,2.385
ZENODO-BATCH-12,26,29.56,7.74,5.8,63.92,444.9,707.2,0.336,2.385,2.45
ZENODO-BATCH-12,27,24.79,8.77,7.52,67.27,461.7,701.6,0.334,2.45,2.467
ZENODO-BATCH-12,28,26.26,8.51,7.94,61.48,492.6,988.5,0.34,2.467,2.547
ZENODO-BATCH-12,29,33.64,8.94,6.35,67.71,408.0,659.6,0.316,2.547,2.181
ZENODO-BATCH-12,30,28.15,8.39,8.83,59.59,441.8,967.6,0.39,2.181,2.278
ZENODO-BATCH-12,31,30.24,8.09,8.17,58.33,517.7,511.8,0.353,2.278,2.347
ZENODO-BATCH-12,32,28.77,8.03,7.79,60.66,506.0,658.6,0.378,2.347,2.435
ZENODO-BATCH-12,33,30.4,8.45,8.68,68.76,478.9,995.8,0.361,2.435,2.512
ZENODO-BATCH-12,34,28.54,8.66,7.13,60.69,492.8,1010.3,0.378,2.512,2.557
ZENODO-BATCH-12,35,30.2,8.26,7.66,69.97,462.9,829.0,0.334,2.557,2.649
ZENODO-BATCH-12,36,31.55,9.16,5.98,69.7,472.3,763.9,0.339,2.649,2.677
ZENODO-BATCH-12,37,26.97,8.61,7.4,69.61,452.0,719.7,0.342,2.677,2.694
ZENODO-BATCH-12,38,27.88,8.03,7.73,74.25,478.8,627.1,0.355,2.694,2.761
ZENODO-BATCH-12,39,27.76,8.04,8.32,71.12,485.8,776.3,0.374,2.761,2.814
ZENODO-BATCH-12,40,30.18,8.73,6.2,74.73,457.1,889.0,0.33,2.814,2.853
ZENODO-BATCH-12,41,25.75,8.27,8.08,78.54,408.2,833.6,0.342,2.853,2.874
ZENODO-BATCH-12,42,25.93,8.04,7.03,74.71,442.5,702.9,0.357,2.874,2.9
ZENODO-BATCH-12,43,24.23,8.43,6.45,77.65,532.5,703.9,0.314,2.9,2.918
ZENODO-BATCH-12,44,25.98,7.56,5.21,81.19,523.6,996.7,0.341,2.918,2.926
ZENODO-BATCH-12,45,27.27,8.12,8.04,77.11,383.3,518.2,0.313,2.926,2.968
ZENODO-BATCH-12,46,24.87,7.83,6.71,80.92,484.0,938.4,0.374,2.968,2.985
ZENODO-BATCH-12,47,26.25,8.06,7.95,73.19,451.5,771.5,0.319,2.985,3.009
ZENODO-BATCH-12,48,27.27,7.97,7.16,78.4,460.9,401.7,0.363,3.009,3.026
ZENODO-BATCH-12,49,31.44,7.66,6.53,80.92,384.8,816.6,0.326,3.026,3.037
ZENODO-BATCH-12,50,28.47,7.75,7.51,82.8,425.6,666.1,0.33,3.037,3.029
ZENODO-BATCH-12,51,26.48,9.0,7.38,76.13,400.8,641.7,0.34,3.029,3.019
ZENODO-BATCH-12,52,35.42,8.14,7.69,75.62,527.2,373.4,0.335,3.019,2.573
ZENODO-BATCH-12,53,27.88,7.38,8.4,65.6,440.5,1041.7,0.376,2.573,2.617
ZENODO-BATCH-12,54,26.87,7.41,6.83,73.0,477.9,643.6,0.344,2.617,2.641
ZENODO-BATCH-12,55,26.39,8.57,7.54,70.16,346.5,755.6,0.358,2.641,2.694
ZENODO-BATCH-12,56,26.82,8.4,8.76,68.99,478.3,437.9,0.33,2.694,2.726
ZENODO-BATCH-12,57,28.82,7.77,7.63,74.96,498.1,795.8,0.315,2.726,2.79
ZENODO-BATCH-12,58,30.58,8.42,8.74,76.61,506.5,759.6,0.331,2.79,2.836
ZENODO-BATCH-12,59,28.18,7.56,6.83,73.05,415.1,668.7,0.328,2.836,2.854
ZENODO-BATCH-12,60,28.74,7.52,6.56,75.46,476.3,459.8,0.371,2.854,2.884
ZENODO-BATCH-12,61,32.03,8.11,7.61,79.62,499.2,616.6,0.346,2.884,2.908
ZENODO-BATCH-12,62,28.58,8.26,8.32,76.07,463.5,551.8,0.359,2.908,2.944
ZENODO-BATCH-12,63,29.33,8.59,7.46,73.75,445.1,829.7,0.36,2.944,2.976
ZENODO-BATCH-12,64,23.1,8.47,6.88,81.74,493.6,838.9,0.356,2.976,3.003
ZENODO-BATCH-12,65,28.43,8.31,6.94,80.99,392.5,920.0,0.377,3.003,3.037
ZENODO-BATCH-12,66,24.74,8.23,6.55,72.62,474.9,613.8,0.329,3.037,3.065
ZENODO-BATCH-12,67,27.5,8.32,6.19,77.26,412.0,719.6,0.33,3.065,3.088
ZENODO-BATCH-12,68,26.51,9.04,7.1,79.28,496.4,904.9,0.38,3.088,3.092
ZENODO-BATCH-12,69,28.92,8.57,6.77,82.17,438.6,834.6,0.363,3.092,3.1
ZENODO-BATCH-12,70,24.53,8.16,6.24,79.03,541.2,832.2,0.341,3.1,3.126
ZENODO-BATCH-12,71,28.41,7.84,6.22,85.97,441.8,820.6,0.332,3.126,3.141
ZENODO-BATCH-12,72,28.77,8.14,7.43,83.71,472.6,772.6,0.352,3.141,3.151
ZENODO-BATCH-12,73,26.06,7.97,7.89,80.48,551.2,363.8,0.333,3.151,3.145
ZENODO-BATCH-12,74,32.36,7.61,7.86,75.92,455.1,740.6,0.348,3.145,3.144
ZENODO-BATCH-12,75,26.07,8.29,6.56,80.02,381.7,978.2,0.339,3.144,3.161
ZENODO-BATCH-12,76,28.07,8.44,7.82,83.89,470.3,607.4,0.335,3.161,3.167
ZENODO-BATCH-12,77,31.11,8.16,7.12,83.28,458.2,788.6,0.355,3.167,3.152
ZENODO-BATCH-12,78,32.08,7.41,7.53,75.77,455.8,596.7,0.382,3.152,3.146
ZENODO-BATCH-12,79,23.18,8.26,7.3,82.96,531.6,768.9,0.371,3.146,3.141
ZENODO-BATCH-12,80,24.98,8.37,7.07,79.66,518.3,451.4,0.374,3.141,3.149
ZENODO-BATCH-12,81,29.02,8.23,6.46,85.01,477.7,642.1,0.326,3.149,3.168
ZENODO-BATCH-12,82,28.66,9.0,7.34,87.24,519.5,671.8,0.33,3.168,3.185
ZENODO-BATCH-12,83,28.2,8.58,5.29,85.01,497.3,647.3,0.33,3.185,3.183
ZENODO-BATCH-12,84,29.02,7.64,7.04,85.11,513.6,1052.6,0.342,3.183,3.215
ZENODO-BATCH-12,85,30.88,9.23,6.25,83.26,423.1,554.0,0.359,3.215,3.213
ZENODO-BATCH-12,86,30.52,8.8,7.86,80.29,433.1,445.4,0.341,3.213,3.228
ZENODO-BATCH-12,87,25.28,8.11,7.83,87.24,434.2,779.2,0.339,3.228,3.226
ZENODO-BATCH-12,88,30.18,8.59,7.49,84.64,367.6,607.0,0.351,3.226,3.223
ZENODO-BATCH-12,89,27.42,9.15,6.74,81.95,493.0,455.0,0.343,3.223,3.211
ZENODO-BATCH-12,90,29.93,8.88,6.41,89.11,464.7,804.6,0.36,3.211,3.205
ZENODO-BATCH-12,91,27.56,8.0,7.52,77.68,336.5,631.9,0.333,3.205,3.216
ZENODO-BATCH-12,92,25.79,8.1,5.97,86.2,396.6,984.0,0.355,3.216,3.192
ZENODO-BATCH-12,93,29.52,8.51,7.9,85.98,495.9,349.4,0.344,3.192,3.21
ZENODO-BATCH-12,94,28.76,8.05,7.66,76.03,458.3,544.9,0.344,3.21,3.229
ZENODO-BATCH-12,95,28.98,8.08,4.96,78.76,528.6,874.3,0.359,3.229,3.236
ZENODO-BATCH-12,96,28.82,8.54,6.84,86.24,375.7,630.1,0.358,3.236,3.218
ZENODO-BATCH-12,97,31.07,7.96,7.35,79.11,437.1,785.2,0.368,3.218,3.208
ZENODO-BATCH-12,98,28.96,9.33,8.8,81.68,551.8,564.6,0.348,3.208,2.72
ZENODO-BATCH-12,99,28.33,7.62,6.71,66.74,527.4,706.3,0.345,2.72,2.763
