SlNo,Station,Agency,State LGD Code,State,District LGD Code,District,Tehsil,Block,Village,River,Basin,Tributary,Subtributary,SubSubtributary,Local River,Latitude,Longitude,Data Acquisition Time,Electric Conductivity (μS/cm),Colour,Odour,Turbidity (NTU),Temperature (ºC),Total Solids (mg/L)
1,AHMEDABAD-1 BENRAMPURA,CPCB,24,Gujarat,438,Ahmedabad,AHMADABAD CITY,-,-,-,-,-,-,-,-,23.00557000,72.58332900,02-01-2021 08:30,"","","","","",""
2,AHMEDABAD-1 BENRAMPURA,CPCB,24,Gujarat,438,Ahmedabad,AHMADABAD CITY,-,-,-,-,-,-,-,-,23.00557000,72.58332900,03-02-2021 08:30,"","","","","",""
3,AHMEDABAD-1 BENRAMPURA,CPCB,24,Gujarat,438,Ahmedabad,AHMADABAD CITY,-,-,-,-,-,-,-,-,23.00557000,72.58332900,02-03-2021 08:30,"","","","","",""
4,AHMEDABAD-2 NAROL SARKHEJ HIGHWAY,CPCB,24,Gujarat,438,Ahmedabad,AHMADABAD CITY,-,-,-,-,-,-,-,-,22.99086100,72.53307700,02-01-2021 08:30,"","","","","",""
5,AHMEDABAD-2 NAROL SARKHEJ HIGHWAY,CPCB,24,Gujarat,438,Ahmedabad,AHMADABAD CITY,-,-,-,-,-,-,-,-,22.99086100,72.53307700,03-02-2021 08:30,"","","","","",""
6,AHMEDABAD-2 NAROL SARKHEJ HIGHWAY,CPCB,24,Gujarat,438,Ahmedabad,AHMADABAD CITY,-,-,-,-,-,-,-,-,22.99086100,72.53307700,02-03-2021 08:30,"","","","","",""
7,AJWAH LAKE AT SRI SAYAJI SABVAR BARODA,CPCB,24,Gujarat,461,Vadodara,VAGHODIA,-,-,-,-,-,-,-,-,22.40120600,73.38860300,05-01-2021 08:30,432,"","","","",""
8,AJWAH LAKE AT SRI SAYAJI SABVAR BARODA,CPCB,24,Gujarat,461,Vadodara,VAGHODIA,-,-,-,-,-,-,-,-,22.40120600,73.38860300,04-02-2021 08:30,448,"","","","",""
9,AJWAH LAKE AT SRI SAYAJI SABVAR BARODA,CPCB,24,Gujarat,461,Vadodara,VAGHODIA,-,-,-,-,-,-,-,-,22.40120600,73.38860300,04-03-2021 08:30,409,"","","","",""
10,AJWAH LAKE AT SRI SAYAJI SABVAR BARODA,CPCB,24,Gujarat,461,Vadodara,VAGHODIA,-,-,-,-,-,-,-,-,22.40120600,73.38860300,05-04-2021 08:30,365,"","","","",""
11,AJWAH LAKE AT SRI SAYAJI SABVAR BARODA,CPCB,24,Gujarat,461,Vadodara,VAGHODIA,-,-,-,-,-,-,-,-,22.40120600,73.38860300,06-05-2021 08:30,450,"","","","",""
12,AJWAH LAKE AT SRI SAYAJI SABVAR BARODA,CPCB,24,Gujarat,461,Vadodara,VAGHODIA,-,-,-,-,-,-,-,-,22.40120600,73.38860300,04-06-2021 08:30,470,"","","","",""
13,AJWAH LAKE AT SRI SAYAJI SABVAR BARODA,CPCB,24,Gujarat,461,Vadodara,VAGHODIA,-,-,-,-,-,-,-,-,22.40120600,73.38860300,05-07-2021 08:30,502,"","","","",""
14,AJWAH LAKE AT SRI SAYAJI SABVAR BARODA,CPCB,24,Gujarat,461,Vadodara,VAGHODIA,-,-,-,-,-,-,-,-,22.40120600,73.38860300,05-08-2021 08:30,480,"","","","",""
15,AJWAH LAKE AT SRI SAYAJI SABVAR BARODA,CPCB,24,Gujarat,461,Vadodara,VAGHODIA,-,-,-,-,-,-,-,-,22.40120600,73.38860300,04-09-2021 08:30,407,"","","","",""
16,AJWAH LAKE AT SRI SAYAJI SABVAR BARODA,CPCB,24,Gujarat,461,Vadodara,VAGHODIA,-,-,-,-,-,-,-,-,22.40120600,73.38860300,06-10-2021 08:30,408,"","","","",""
17,AJWAH LAKE AT SRI SAYAJI SABVAR BARODA,CPCB,24,Gujarat,461,Vadodara,VAGHODIA,-,-,-,-,-,-,-,-,22.40120600,73.38860300,02-11-2021 08:30,440,"","","","",""
18,AJWAH LAKE AT SRI SAYAJI SABVAR BARODA,CPCB,24,Gujarat,461,Vadodara,VAGHODIA,-,-,-,-,-,-,-,-,22.40120600,73.38860300,02-12-2021 08:30,450,"","","","",""
19,AMBIKA AT BILIMORA,CPCB,24,Gujarat,453,Navsari,GANDEVI,-,-,-,-,-,-,-,-,20.77210600,72.95162500,01-01-2021 08:30,"","","","","",""
20,AMBIKA AT BILIMORA,CPCB,24,Gujarat,453,Navsari,GANDEVI,-,-,-,-,-,-,-,-,20.77210600,72.95162500,04-02-2021 08:30,"","","","","",""
21,AMBIKA AT BILIMORA,CPCB,24,Gujarat,453,Navsari,GANDEVI,-,-,-,-,-,-,-,-,20.77210600,72.95162500,02-03-2021 08:30,"","","","","",""
22,AMLAKHADI AFTER CONFL. OF W. WATER FROM ANKLESH,CPCB,24,Gujarat,442,Bharuch,BHARUCH,-,-,-,-,-,-,-,-,21.70117800,73.02173300,01-01-2021 08:30,"","","","","",""
23,AMLAKHADI AFTER CONFL. OF W. WATER FROM ANKLESH,CPCB,24,Gujarat,442,Bharuch,BHARUCH,-,-,-,-,-,-,-,-,21.70117800,73.02173300,01-02-2021 08:30,"","","","","",""
24,AMLAKHADI AFTER CONFL. OF W. WATER FROM ANKLESH,CPCB,24,Gujarat,442,Bharuch,BHARUCH,-,-,-,-,-,-,-,-,21.70117800,73.02173300,01-03-2021 08:30,"","","","","",""
25,AMLAKHADI AT PUNGAM ANKLESHWAR DISTT BHARUCH,CPCB,24,Gujarat,442,Bharuch,ANKLESVAR,-,-,-,-,-,-,-,-,21.63116100,72.95648500,01-01-2021 08:30,"","","","","",""
26,AMLAKHADI AT PUNGAM ANKLESHWAR DISTT BHARUCH,CPCB,24,Gujarat,442,Bharuch,ANKLESVAR,-,-,-,-,-,-,-,-,21.63116100,72.95648500,01-02-2021 08:30,"","","","","",""
27,AMLAKHADI AT PUNGAM ANKLESHWAR DISTT BHARUCH,CPCB,24,Gujarat,442,Bharuch,ANKLESVAR,-,-,-,-,-,-,-,-,21.63116100,72.95648500,01-03-2021 08:30,"","","","","",""
28,AMLAKHADI CREEK AT PUNGAM.,CPCB,24,Gujarat,442,Bharuch,ANKLESVAR,-,-,-,-,-,-,-,-,21.61541300,72.94184700,01-01-2021 08:30,"",Light Green,None,"","",""
29,AMLAKHADI CREEK AT PUNGAM.,CPCB,24,Gujarat,442,Bharuch,ANKLESVAR,-,-,-,-,-,-,-,-,21.61541300,72.94184700,01-02-2021 08:30,"",Other,None,"","",""
30,AMLAKHADI CREEK AT PUNGAM.,CPCB,24,Gujarat,442,Bharuch,ANKLESVAR,-,-,-,-,-,-,-,-,21.61541300,72.94184700,01-03-2021 08:30,"",Other,None,"","",""
31,AMLAKHADI CREEK AT PUNGAM.,CPCB,24,Gujarat,442,Bharuch,ANKLESVAR,-,-,-,-,-,-,-,-,21.61541300,72.94184700,01-04-2021 08:30,"",Other,None,"","",""
32,AMLAKHADI CREEK AT PUNGAM.,CPCB,24,Gujarat,442,Bharuch,ANKLESVAR,-,-,-,-,-,-,-,-,21.61541300,72.94184700,05-05-2021 08:30,"",Clear,None,"","",""
33,AMLAKHADI CREEK AT PUNGAM.,CPCB,24,Gujarat,442,Bharuch,ANKLESVAR,-,-,-,-,-,-,-,-,21.61541300,72.94184700,01-06-2021 08:30,"",Other,None,"","",""
34,AMLAKHADI CREEK AT PUNGAM.,CPCB,24,Gujarat,442,Bharuch,ANKLESVAR,-,-,-,-,-,-,-,-,21.61541300,72.94184700,01-07-2021 08:30,"",Other,None,"","",""
35,AMLAKHADI CREEK AT PUNGAM.,CPCB,24,Gujarat,442,Bharuch,ANKLESVAR,-,-,-,-,-,-,-,-,21.61541300,72.94184700,02-08-2021 08:30,"",Other,None,"","",""
36,AMLAKHADI CREEK AT PUNGAM.,CPCB,24,Gujarat,442,Bharuch,ANKLESVAR,-,-,-,-,-,-,-,-,21.61541300,72.94184700,01-09-2021 08:30,"",Other,None,"","",""
37,AMLAKHADI CREEK AT PUNGAM.,CPCB,24,Gujarat,442,Bharuch,ANKLESVAR,-,-,-,-,-,-,-,-,21.61541300,72.94184700,01-10-2021 08:30,"",Other,None,"","",""
38,AMLAKHADI CREEK AT PUNGAM.,CPCB,24,Gujarat,442,Bharuch,ANKLESVAR,-,-,-,-,-,-,-,-,21.61541300,72.94184700,02-11-2021 08:30,"",Light Brown,None,"","",""
39,AMLAKHADI CREEK AT PUNGAM.,CPCB,24,Gujarat,442,Bharuch,ANKLESVAR,-,-,-,-,-,-,-,-,21.61541300,72.94184700,01-12-2021 08:30,"",Clear,None,"","",""
40,AMRAVATI AT VILLAGE DADHAL  TA ANKLESHWAR BHARUCH,CPCB,24,Gujarat,442,Bharuch,ANKLESVAR,-,-,-,-,-,-,-,-,21.63538400,73.06497200,05-01-2021 08:30,"","","","","",""
41,AMRAVATI AT VILLAGE DADHAL  TA ANKLESHWAR BHARUCH,CPCB,24,Gujarat,442,Bharuch,ANKLESVAR,-,-,-,-,-,-,-,-,21.63538400,73.06497200,10-02-2021 08:30,"","","","","",""
42,AMRAVATI AT VILLAGE DADHAL  TA ANKLESHWAR BHARUCH,CPCB,24,Gujarat,442,Bharuch,ANKLESVAR,-,-,-,-,-,-,-,-,21.63538400,73.06497200,09-03-2021 08:30,"","","","","",""
43,ANAS AT DAHOD (KUSHALGARH) DIST. PANCHMAHAL,CPCB,24,Gujarat,445,Dohad,DOHAD,-,-,-,-,-,-,-,-,22.84626400,74.29178900,01-01-2021 08:30,"","","","","",""
44,ANAS AT DAHOD (KUSHALGARH) DIST. PANCHMAHAL,CPCB,24,Gujarat,445,Dohad,DOHAD,-,-,-,-,-,-,-,-,22.84626400,74.29178900,02-02-2021 08:30,"","","","","",""
45,ANAS AT DAHOD (KUSHALGARH) DIST. PANCHMAHAL,CPCB,24,Gujarat,445,Dohad,DOHAD,-,-,-,-,-,-,-,-,22.84626400,74.29178900,03-03-2021 08:30,"","","","","",""
46,ANKLESHWAR RESERVOIR AT GIDC ANKLESHWAR AT VALIA ROAD.,CPCB,24,Gujarat,442,Bharuch,ANKLESVAR,-,-,-,-,-,-,-,-,21.60986900,73.00726100,01-01-2021 08:30,444,"","","","",""
47,ANKLESHWAR RESERVOIR AT GIDC ANKLESHWAR AT VALIA ROAD.,CPCB,24,Gujarat,442,Bharuch,ANKLESVAR,-,-,-,-,-,-,-,-,21.60986900,73.00726100,01-02-2021 08:30,371,"","","","",""
48,ANKLESHWAR RESERVOIR AT GIDC ANKLESHWAR AT VALIA ROAD.,CPCB,24,Gujarat,442,Bharuch,ANKLESVAR,-,-,-,-,-,-,-,-,21.60986900,73.00726100,01-03-2021 08:30,447,"","","","",""
49,ANKLESHWAR RESERVOIR AT GIDC ANKLESHWAR AT VALIA ROAD.,CPCB,24,Gujarat,442,Bharuch,ANKLESVAR,-,-,-,-,-,-,-,-,21.60986900,73.00726100,01-04-2021 08:30,406,"","","","",""
50,ANKLESHWAR RESERVOIR AT GIDC ANKLESHWAR AT VALIA ROAD.,CPCB,24,Gujarat,442,Bharuch,ANKLESVAR,-,-,-,-,-,-,-,-,21.60986900,73.00726100,03-05-2021 08:30,508,"","","","",""
51,ANKLESHWAR RESERVOIR AT GIDC ANKLESHWAR AT VALIA ROAD.,CPCB,24,Gujarat,442,Bharuch,ANKLESVAR,-,-,-,-,-,-,-,-,21.60986900,73.00726100,01-06-2021 08:30,458,"","","","",""
52,ANKLESHWAR RESERVOIR AT GIDC ANKLESHWAR AT VALIA ROAD.,CPCB,24,Gujarat,442,Bharuch,ANKLESVAR,-,-,-,-,-,-,-,-,21.60986900,73.00726100,02-07-2021 08:30,409,"","","","",""
53,ANKLESHWAR RESERVOIR AT GIDC ANKLESHWAR AT VALIA ROAD.,CPCB,24,Gujarat,442,Bharuch,ANKLESVAR,-,-,-,-,-,-,-,-,21.60986900,73.00726100,04-08-2021 08:30,419,"","","","",""
54,ANKLESHWAR RESERVOIR AT GIDC ANKLESHWAR AT VALIA ROAD.,CPCB,24,Gujarat,442,Bharuch,ANKLESVAR,-,-,-,-,-,-,-,-,21.60986900,73.00726100,01-09-2021 08:30,490,"","","","",""
55,ANKLESHWAR RESERVOIR AT GIDC ANKLESHWAR AT VALIA ROAD.,CPCB,24,Gujarat,442,Bharuch,ANKLESVAR,-,-,-,-,-,-,-,-,21.60986900,73.00726100,01-10-2021 08:30,406,"","","","",""
56,ANKLESHWAR RESERVOIR AT GIDC ANKLESHWAR AT VALIA ROAD.,CPCB,24,Gujarat,442,Bharuch,ANKLESVAR,-,-,-,-,-,-,-,-,21.60986900,73.00726100,01-11-2021 08:30,396,"","","","",""
57,ANKLESHWAR RESERVOIR AT GIDC ANKLESHWAR AT VALIA ROAD.,CPCB,24,Gujarat,442,Bharuch,ANKLESVAR,-,-,-,-,-,-,-,-,21.60986900,73.00726100,02-12-2021 08:30,306,"","","","",""
58,AT LAVACHA TEMPLE SILVASSA,CPCB,24,Gujarat,462,Valsad,PARDI,-,-,-,-,-,-,-,-,20.29879700,72.97695600,29-01-2021 08:30,"","","","","",""
59,AT LAVACHA TEMPLE SILVASSA,CPCB,24,Gujarat,462,Valsad,PARDI,-,-,-,-,-,-,-,-,20.29879700,72.97695600,23-02-2021 08:30,"","","","","",""
60,AT LAVACHA TEMPLE SILVASSA,CPCB,24,Gujarat,462,Valsad,PARDI,-,-,-,-,-,-,-,-,20.29879700,72.97695600,25-03-2021 08:30,"","","","","",""
61,ATUL VILLAGE G.W (VALSAD),CPCB,24,Gujarat,462,Valsad,VALSAD,-,-,-,-,-,-,-,-,20.53731900,72.94104200,01-04-2021 08:30,2032,Clear,"","","",""
62,ATUL VILLAGE G.W (VALSAD),CPCB,24,Gujarat,462,Valsad,VALSAD,-,-,-,-,-,-,-,-,20.53731900,72.94104200,04-10-2021 08:30,3326,Clear,"","","",""
63,AT VILLAGE NAMDHA VAPI,CPCB,24,Gujarat,462,Valsad,UMBERGAON,-,-,-,-,-,-,-,-,20.36384200,72.88326400,29-01-2021 08:30,"","","","","",""
64,AT VILLAGE NAMDHA VAPI,CPCB,24,Gujarat,462,Valsad,UMBERGAON,-,-,-,-,-,-,-,-,20.36384200,72.88326400,23-02-2021 08:30,"","","","","",""
65,AT VILLAGE NAMDHA VAPI,CPCB,24,Gujarat,462,Valsad,UMBERGAON,-,-,-,-,-,-,-,-,20.36384200,72.88326400,25-03-2021 08:30,"","","","","",""
66,BALEHWAR KHADI AT N.H. NO. 8,CPCB,24,Gujarat,459,Surat,SURAT CITY,-,-,-,-,-,-,-,-,21.22344200,72.89572000,02-01-2021 08:30,"","","","","",""
67,BALEHWAR KHADI AT N.H. NO. 8,CPCB,24,Gujarat,459,Surat,SURAT CITY,-,-,-,-,-,-,-,-,21.22344200,72.89572000,03-02-2021 08:30,"","","","","",""
68,BALEHWAR KHADI AT N.H. NO. 8,CPCB,24,Gujarat,459,Surat,SURAT CITY,-,-,-,-,-,-,-,-,21.22344200,72.89572000,01-03-2021 08:30,"","","","","",""
69,BHADAR D/S JETPUR VILL. AFTER CONF. OF W.WATER FROM JETPUR CITY,CPCB,24,Gujarat,457,Rajkot,DHORAJI,-,-,-,-,-,-,-,-,21.76311500,70.42431300,01-01-2021 08:30,"","","","","",""
70,BHADAR D/S JETPUR VILL. AFTER CONF. OF W.WATER FROM JETPUR CITY,CPCB,24,Gujarat,457,Rajkot,DHORAJI,-,-,-,-,-,-,-,-,21.76311500,70.42431300,03-02-2021 08:30,"","","","","",""
71,BHADAR D/S JETPUR VILL. AFTER CONF. OF W.WATER FROM JETPUR CITY,CPCB,24,Gujarat,457,Rajkot,DHORAJI,-,-,-,-,-,-,-,-,21.76311500,70.42431300,04-03-2021 08:30,"","","","","",""
72,BHOGAVO RIVER D/S OF SURENDRANAGAR.,CPCB,24,Gujarat,460,Surendranagar,WADHWAN,-,-,-,-,-,-,-,-,22.71552800,71.67268800,01-01-2021 08:30,"","","","","",""
73,BHOGAVO RIVER D/S OF SURENDRANAGAR.,CPCB,24,Gujarat,460,Surendranagar,WADHWAN,-,-,-,-,-,-,-,-,22.71552800,71.67268800,02-02-2021 08:30,"","","","","",""
74,BHOGAVO RIVER D/S OF SURENDRANAGAR.,CPCB,24,Gujarat,460,Surendranagar,WADHWAN,-,-,-,-,-,-,-,-,22.71552800,71.67268800,02-03-2021 08:30,"","","","","",""
75,BHUKHI KHADI D/S OF GIDC SAYKHA VILL: KOTHIYA TA: VAGRA DIST BHARUCH,CPCB,24,Gujarat,442,Bharuch,BHARUCH,-,-,-,-,-,-,-,-,21.83228600,72.92957100,05-01-2021 08:30,"","","","","",""
76,BHUKHI KHADI D/S OF GIDC SAYKHA VILL: KOTHIYA TA: VAGRA DIST BHARUCH,CPCB,24,Gujarat,442,Bharuch,BHARUCH,-,-,-,-,-,-,-,-,21.83228600,72.92957100,02-02-2021 08:30,"","","","","",""
77,BHUKHI KHADI D/S OF GIDC SAYKHA VILL: KOTHIYA TA: VAGRA DIST BHARUCH,CPCB,24,Gujarat,442,Bharuch,BHARUCH,-,-,-,-,-,-,-,-,21.83228600,72.92957100,05-03-2021 08:30,"","","","","",""
78,BHUKHI KHADI D/S OF GIDC VILAYAT TA; VAGRA DIST BHARUCH,CPCB,24,Gujarat,442,Bharuch,BHARUCH,-,-,-,-,-,-,-,-,21.78419900,72.91281500,04-01-2021 08:30,"","","","","",""
79,BHUKHI KHADI D/S OF GIDC VILAYAT TA; VAGRA DIST BHARUCH,CPCB,24,Gujarat,442,Bharuch,BHARUCH,-,-,-,-,-,-,-,-,21.78419900,72.91281500,02-02-2021 08:30,"","","","","",""
80,BHUKHI KHADI D/S OF GIDC VILAYAT TA; VAGRA DIST BHARUCH,CPCB,24,Gujarat,442,Bharuch,BHARUCH,-,-,-,-,-,-,-,-,21.78419900,72.91281500,05-03-2021 08:30,"","","","","",""
81,BHUKHI KHADI U/S OF GIDC VILAYAT TA; VAGRA DIST BHARUCH.,CPCB,24,Gujarat,442,Bharuch,VAGRA,-,-,-,-,-,-,-,-,21.79546300,72.90714600,04-01-2021 08:30,"","","","","",""
82,BHUKHI KHADI U/S OF GIDC VILAYAT TA; VAGRA DIST BHARUCH.,CPCB,24,Gujarat,442,Bharuch,VAGRA,-,-,-,-,-,-,-,-,21.79546300,72.90714600,02-02-2021 08:30,"","","","","",""
83,BHUKHI KHADI U/S OF GIDC VILAYAT TA; VAGRA DIST BHARUCH.,CPCB,24,Gujarat,442,Bharuch,VAGRA,-,-,-,-,-,-,-,-,21.79546300,72.90714600,05-03-2021 08:30,"","","","","",""
84,BINDUSAROVAR SIDDHPUR (DIST.PATAN),CPCB,24,Gujarat,455,Patan,SIDHPUR,-,-,-,-,-,-,-,-,23.90835300,72.36446200,01-01-2021 08:30,2070,"","","","",""
85,BINDUSAROVAR SIDDHPUR (DIST.PATAN),CPCB,24,Gujarat,455,Patan,SIDHPUR,-,-,-,-,-,-,-,-,23.90835300,72.36446200,03-02-2021 08:30,2119,"","","","",""
86,BINDUSAROVAR SIDDHPUR (DIST.PATAN),CPCB,24,Gujarat,455,Patan,SIDHPUR,-,-,-,-,-,-,-,-,23.90835300,72.36446200,02-03-2021 08:30,2275,"","","","",""
87,BINDUSAROVAR SIDDHPUR (DIST.PATAN),CPCB,24,Gujarat,455,Patan,SIDHPUR,-,-,-,-,-,-,-,-,23.90835300,72.36446200,03-04-2021 08:30,2415,"","","","",""
88,BINDUSAROVAR SIDDHPUR (DIST.PATAN),CPCB,24,Gujarat,455,Patan,SIDHPUR,-,-,-,-,-,-,-,-,23.90835300,72.36446200,03-05-2021 08:30,2393,"","","","",""
89,BINDUSAROVAR SIDDHPUR (DIST.PATAN),CPCB,24,Gujarat,455,Patan,SIDHPUR,-,-,-,-,-,-,-,-,23.90835300,72.36446200,01-06-2021 08:30,2122,"","","","",""
90,BINDUSAROVAR SIDDHPUR (DIST.PATAN),CPCB,24,Gujarat,455,Patan,SIDHPUR,-,-,-,-,-,-,-,-,23.90835300,72.36446200,01-07-2021 08:30,2160,"","","","",""
91,BINDUSAROVAR SIDDHPUR (DIST.PATAN),CPCB,24,Gujarat,455,Patan,SIDHPUR,-,-,-,-,-,-,-,-,23.90835300,72.36446200,03-08-2021 08:30,791,"","","","",""
92,BINDUSAROVAR SIDDHPUR (DIST.PATAN),CPCB,24,Gujarat,455,Patan,SIDHPUR,-,-,-,-,-,-,-,-,23.90835300,72.36446200,02-09-2021 08:30,205,"","","","",""
93,BINDUSAROVAR SIDDHPUR (DIST.PATAN),CPCB,24,Gujarat,455,Patan,SIDHPUR,-,-,-,-,-,-,-,-,23.90835300,72.36446200,01-10-2021 08:30,2128,"","","","",""
94,BINDUSAROVAR SIDDHPUR (DIST.PATAN),CPCB,24,Gujarat,455,Patan,SIDHPUR,-,-,-,-,-,-,-,-,23.90835300,72.36446200,01-11-2021 08:30,1954,"","","","",""
95,BINDUSAROVAR SIDDHPUR (DIST.PATAN),CPCB,24,Gujarat,455,Patan,SIDHPUR,-,-,-,-,-,-,-,-,23.90835300,72.36446200,01-12-2021 08:30,2006,"","","","",""
96,BOREWELL AT DHANGADHRA NEAR DHANGADHRA CHEMICALS,CPCB,24,Gujarat,460,Surendranagar,DHRANGADHRA,-,-,-,-,-,-,-,-,22.98097500,71.47390000,05-04-2021 08:30,2519,Clear,"",2,"",""
97,BOREWELL AT DHANGADHRA NEAR DHANGADHRA CHEMICALS,CPCB,24,Gujarat,460,Surendranagar,DHRANGADHRA,-,-,-,-,-,-,-,-,22.98097500,71.47390000,01-10-2021 08:30,384,Clear,"",2,"",""
98,BOREWELL AT PIRAMAL GLASS VILLAGE TARSADI AT KOSAMBA INDUSTRIAL AREA SURAT,CPCB,24,Gujarat,459,Surat,MANGROL,-,-,-,-,-,-,-,-,21.45858700,72.94299700,01-04-2021 08:30,3868,Clear,"",2,"",""
99,BOREWELL AT PIRAMAL GLASS VILLAGE TARSADI AT KOSAMBA INDUSTRIAL AREA SURAT,CPCB,24,Gujarat,459,Surat,MANGROL,-,-,-,-,-,-,-,-,21.45858700,72.94299700,01-10-2021 08:30,3771,Clear,"","","",""
100,BOREWELL AT PRIMARY HEALTH CENTER KADODARA SURAT,CPCB,24,Gujarat,459,Surat,PALSANA,-,-,-,-,-,-,-,-,21.17007500,72.96507000,01-04-2021 08:30,2096,Clear,"",12,"",""
101,BOREWELL AT PRIMARY HEALTH CENTER KADODARA SURAT,CPCB,24,Gujarat,459,Surat,PALSANA,-,-,-,-,-,-,-,-,21.17007500,72.96507000,04-10-2021 08:30,1886,Clear,"","","",""
102,BORE WELL AT STP MADHAPAR DIST. RAJKOT.,CPCB,24,Gujarat,457,Rajkot,RAJKOT,-,-,-,-,-,-,-,-,22.32530300,70.76879700,07-04-2021 08:30,1206,Clear,"",2,"",""
103,BORE WELL AT VORAGAMDI,CPCB,24,Gujarat,461,Vadodara,VADODARA,-,-,-,-,-,-,-,-,22.22032800,73.22150100,01-04-2021 08:30,3101,Clear,"",12,"",""
104,BORE WELL AT VORAGAMDI,CPCB,24,Gujarat,461,Vadodara,VADODARA,-,-,-,-,-,-,-,-,22.22032800,73.22150100,04-10-2021 08:30,2525,Clear,"",1.1,"",""
105,BOREWELL CETP-NARODA GIDC NARODA-AHMEDABAD,CPCB,24,Gujarat,438,Ahmedabad,AHMADABAD CITY,-,-,-,-,-,-,-,-,23.08125300,72.66772500,01-04-2021 08:30,2536,Other,"","","",""
106,BOREWELL CETP-NARODA GIDC NARODA-AHMEDABAD,CPCB,24,Gujarat,438,Ahmedabad,AHMADABAD CITY,-,-,-,-,-,-,-,-,23.08125300,72.66772500,01-10-2021 08:30,2480,Other,"",2,"",""
107,BOREWELL D/S TSDF SITE GIDC INDUSTRIAL AREA VAPI,CPCB,24,Gujarat,462,Valsad,PARDI,-,-,-,-,-,-,-,-,20.36666700,72.90000100,03-04-2021 08:30,3288,Clear,"","","",""
108,BOREWELL D/S TSDF SITE GIDC INDUSTRIAL AREA VAPI,CPCB,24,Gujarat,462,Valsad,PARDI,-,-,-,-,-,-,-,-,20.36666700,72.90000100,04-10-2021 08:30,1056,Clear,"","","",""
109,BOREWELL KADI INDUSTRIAL AREA,CPCB,24,Gujarat,451,Mahesana,KADI,-,-,-,-,-,-,-,-,23.30994500,72.26423600,01-04-2021 08:30,1853,Clear,"","","",""
110,BOREWELL KADI INDUSTRIAL AREA,CPCB,24,Gujarat,451,Mahesana,KADI,-,-,-,-,-,-,-,-,23.30994500,72.26423600,01-10-2021 08:30,2330,Clear,"","","",""
111,BOREWELL NEAR CENTER OF EXCELLENCE BUILDING GIDC VATVA AHMEDABAD,CPCB,24,Gujarat,438,Ahmedabad,AHMADABAD CITY,-,-,-,-,-,-,-,-,22.99877300,72.55463700,01-04-2021 08:30,2307,Other,"","","",""
112,BOREWELL NEAR CENTER OF EXCELLENCE BUILDING GIDC VATVA AHMEDABAD,CPCB,24,Gujarat,438,Ahmedabad,AHMADABAD CITY,-,-,-,-,-,-,-,-,22.99877300,72.55463700,01-10-2021 08:30,2265,Other,"","","",""
113,BOREWELL NEAR GIDC ODHAV INDUSTRIAL ASSOCIATION BUILDING GIDC ODHAV AHMEDABAD,CPCB,24,Gujarat,438,Ahmedabad,AHMADABAD CITY,-,-,-,-,-,-,-,-,23.02154800,72.66358100,01-04-2021 08:30,1998,Other,"","","",""
114,BOREWELL NEAR GIDC ODHAV INDUSTRIAL ASSOCIATION BUILDING GIDC ODHAV AHMEDABAD,CPCB,24,Gujarat,438,Ahmedabad,AHMADABAD CITY,-,-,-,-,-,-,-,-,23.02154800,72.66358100,01-10-2021 08:30,2418,Other,"","","",""
115,BOREWELL NEAR MUNICIPAL SOLID WASTE SITE- GYASPUR NAROL AHMEDABAD,CPCB,24,Gujarat,438,Ahmedabad,AHMADABAD CITY,-,-,-,-,-,-,-,-,22.97786800,72.54381600,02-01-2021 08:30,3401,Clear,"","","",""
116,BOREWELL NEAR MUNICIPAL SOLID WASTE SITE- GYASPUR NAROL AHMEDABAD,CPCB,24,Gujarat,438,Ahmedabad,AHMADABAD CITY,-,-,-,-,-,-,-,-,22.97786800,72.54381600,03-02-2021 08:30,3425,Clear,"",2,"",""
117,BOREWELL NEAR MUNICIPAL SOLID WASTE SITE- GYASPUR NAROL AHMEDABAD,CPCB,24,Gujarat,438,Ahmedabad,AHMADABAD CITY,-,-,-,-,-,-,-,-,22.97786800,72.54381600,02-07-2021 08:30,3895,Clear,"","","",""
118,BOREWELL NEAR MUNICIPAL SOLID WASTE SITE- GYASPUR NAROL AHMEDABAD,CPCB,24,Gujarat,438,Ahmedabad,AHMADABAD CITY,-,-,-,-,-,-,-,-,22.97786800,72.54381600,05-08-2021 08:30,3493,Clear,"","","",""
119,BOREWELL NEAR TSDF OF BHARUCH ENVIRO INFRASTRUCTURE LIMITED ANKLESHWAR BHARUCH,CPCB,24,Gujarat,442,Bharuch,BHARUCH,-,-,-,-,-,-,-,-,21.70476700,72.99572200,01-04-2021 08:30,3352,Clear,"","","",""
120,BOREWELL NEAR TSDF OF BHARUCH ENVIRO INFRASTRUCTURE LIMITED ANKLESHWAR BHARUCH,CPCB,24,Gujarat,442,Bharuch,BHARUCH,-,-,-,-,-,-,-,-,21.70476700,72.99572200,01-10-2021 08:30,3384,Clear,"","","",""
121,BOREWELL NEAR TSDF SITE OF GREEN ENVIRONMNET SERVICES CO. OP.LTD VATVA AHMEDABAD,CPCB,24,Gujarat,438,Ahmedabad,DASKROI,-,-,-,-,-,-,-,-,22.95593800,72.63945900,01-04-2021 08:30,2855,Other,"","","",""
122,BOREWELL NEAR TSDF SITE OF GREEN ENVIRONMNET SERVICES CO. OP.LTD VATVA AHMEDABAD,CPCB,24,Gujarat,438,Ahmedabad,DASKROI,-,-,-,-,-,-,-,-,22.95593800,72.63945900,01-10-2021 08:30,2708,Other,"","","",""
123,BOREWELL NEAR TSDF SITE OF NARODA ENVIRO PROJECT.LTD ODHAVE AHMEDABAD,CPCB,24,Gujarat,438,Ahmedabad,AHMADABAD CITY,-,-,-,-,-,-,-,-,23.08213600,72.66846000,01-04-2021 08:30,2474,Other,"",2,"",""
124,BOREWELL NEAR TSDF SITE OF NARODA ENVIRO PROJECT.LTD ODHAVE AHMEDABAD,CPCB,24,Gujarat,438,Ahmedabad,AHMADABAD CITY,-,-,-,-,-,-,-,-,23.08213600,72.66846000,01-12-2021 08:30,2350,Other,"","","",""
125,BOREWELL NERA TSDF OF NANDESARI ENVIRO CONTROL LIMITED NADESARI VADODARA,CPCB,24,Gujarat,461,Vadodara,VADODARA,-,-,-,-,-,-,-,-,22.41372500,73.09099400,02-04-2021 08:30,11165,Clear,"",45,"",""
126,BOREWELL NERA TSDF OF NANDESARI ENVIRO CONTROL LIMITED NADESARI VADODARA,CPCB,24,Gujarat,461,Vadodara,VADODARA,-,-,-,-,-,-,-,-,22.41372500,73.09099400,01-10-2021 08:30,9271,Other,"",5.9,"",""
127,BOREWELL OF AJI GIDC RAJKOT,CPCB,24,Gujarat,457,Rajkot,RAJKOT,-,-,-,-,-,-,-,-,22.27959400,70.83513800,08-04-2021 08:30,1526,Clear,"",2,"",""
128,BORE WELL OF CHHATRAL GIDC.,CPCB,24,Gujarat,459,Surat,CHORASI,-,-,-,-,-,-,-,-,21.09307800,72.85745600,06-04-2021 08:30,2324,Clear,"","","",""
129,BOREWELL OF GAYATRI PRAGNA SCHOOL BHADARWAD ROAD BAZAR FALIA SARIGAM VALSAD,CPCB,24,Gujarat,462,Valsad,UMBERGAON,-,-,-,-,-,-,-,-,20.28467200,72.85506700,03-04-2021 08:30,994,Clear,"","","",""
130,BOREWELL OF GAYATRI PRAGNA SCHOOL BHADARWAD ROAD BAZAR FALIA SARIGAM VALSAD,CPCB,24,Gujarat,462,Valsad,UMBERGAON,-,-,-,-,-,-,-,-,20.28467200,72.85506700,04-10-2021 08:30,817,Clear,"","","",""
131,BOREWELL OF GIDC ANTALIA WATER SUPPLY BILLIMORA GANDEVI,CPCB,24,Gujarat,453,Navsari,GANDEVI,-,-,-,-,-,-,-,-,20.76872200,73.00164000,04-04-2021 08:30,2398,Clear,"","","",""
132,BOREWELL OF GIDC ANTALIA WATER SUPPLY BILLIMORA GANDEVI,CPCB,24,Gujarat,453,Navsari,GANDEVI,-,-,-,-,-,-,-,-,20.76872200,73.00164000,02-10-2021 08:30,1847,Clear,"","","",""
133,BOREWELL OF GIDC JHAGADIA,CPCB,24,Gujarat,442,Bharuch,JHAGADIA,-,-,-,-,-,-,-,-,21.63696900,73.13179300,05-04-2021 08:30,1731,Clear,"","","",""
134,BOREWELL OF GIDC JHAGADIA,CPCB,24,Gujarat,442,Bharuch,JHAGADIA,-,-,-,-,-,-,-,-,21.63696900,73.13179300,05-10-2021 08:30,2193,Clear,"","","",""
135,BOREWELL OF GIDC JUNAGADH,CPCB,24,Gujarat,448,Junagadh,JUNAGADH,-,-,-,-,-,-,-,-,21.52153200,70.45703300,08-04-2021 08:30,2509,Clear,"",2,"",""
136,BOREWELL OF GIDC JUNAGADH,CPCB,24,Gujarat,448,Junagadh,JUNAGADH,-,-,-,-,-,-,-,-,21.52153200,70.45703300,01-10-2021 08:30,3840,Clear,"",2,"",""
137,BOREWELL OF GIDC KALOL B/H GIDC OFFICE GIDC KALOL GANDHINAGAR,CPCB,24,Gujarat,446,Gandhinagar,KALOL,-,-,-,-,-,-,-,-,23.24624700,72.50928300,05-04-2021 08:30,2091,Clear,"","","",""
138,BOREWELL OF GIDC KANSARI,CPCB,24,Gujarat,441,Banaskantha,BHABHAR,-,-,-,-,-,-,-,-,24.32583900,72.14038000,05-04-2021 08:30,5249,Clear,"","","",""
139,BOREWELL OF GIDC KANSARI,CPCB,24,Gujarat,441,Banaskantha,BHABHAR,-,-,-,-,-,-,-,-,24.32583900,72.14038000,04-10-2021 08:30,4990,Clear,"",1.6,"",""
140,BOREWELL OF GIDC-NADIAD AT GIDC OFFICE GIDC NADIAD KHEDA,CPCB,24,Gujarat,450,Kheda,NADIAD,-,-,-,-,-,-,-,-,22.71031100,72.85289200,03-04-2021 08:30,2172,Clear,"","","",""
141,BOREWELL OF GIDC-NADIAD AT GIDC OFFICE GIDC NADIAD KHEDA,CPCB,24,Gujarat,450,Kheda,NADIAD,-,-,-,-,-,-,-,-,22.71031100,72.85289200,04-10-2021 08:30,3283,Clear,"",1.5,"",""
142,BOREWELL OF GIDC OFFICE SHANKAR TEKRI UDHYOGNAGAR JAMNANGAR,CPCB,24,Gujarat,447,Jamnagar,JAMNAGAR,-,-,-,-,-,-,-,-,22.47087800,70.05927500,03-04-2021 08:30,3309,Clear,"","","",""
143,BOREWELL OF GIDC OFFICE SHANKAR TEKRI UDHYOGNAGAR JAMNANGAR,CPCB,24,Gujarat,447,Jamnagar,JAMNAGAR,-,-,-,-,-,-,-,-,22.47087800,70.05927500,05-10-2021 08:30,3415,Clear,"",5,"",""
144,BOREWELL OF GIDC PANOLI,CPCB,24,Gujarat,442,Bharuch,ANKLESVAR,-,-,-,-,-,-,-,-,21.63046500,73.02288200,01-04-2021 08:30,5238,Clear,"","","",""
145,BOREWELL OF GIDC PANOLI,CPCB,24,Gujarat,442,Bharuch,ANKLESVAR,-,-,-,-,-,-,-,-,21.63046500,73.02288200,01-10-2021 08:30,5212,Clear,"","","",""
146,BOREWELL OF GIDC SOJITRA,CPCB,24,Gujarat,440,Anand,SOJITRA,-,-,-,-,-,-,-,-,22.53888100,72.72006100,05-04-2021 08:30,3146,Clear,"","","",""
147,BOREWELL OF GIDC SOJITRA,CPCB,24,Gujarat,440,Anand,SOJITRA,-,-,-,-,-,-,-,-,22.53888100,72.72006100,04-10-2021 08:30,3115,Clear,"",2,"",""
148,BOREWELL OF KALIAWADI GRID ROAD NAVSARI,CPCB,24,Gujarat,453,Navsari,NAVSARI,-,-,-,-,-,-,-,-,20.94968100,72.91502200,02-10-2021 08:30,2530,Clear,"","","",""
149,BOREWELL OF L & T LTD. PLOT NO. 144/146 SARKHEJ-BAVLA ROAD SANAND AHMEDABAD,CPCB,24,Gujarat,438,Ahmedabad,SANAND,-,-,-,-,-,-,-,-,22.89497500,72.41787900,01-04-2021 08:30,4367,Clear,"","","",""
150,BOREWELL OF L & T LTD. PLOT NO. 144/146 SARKHEJ-BAVLA ROAD SANAND AHMEDABAD,CPCB,24,Gujarat,438,Ahmedabad,SANAND,-,-,-,-,-,-,-,-,22.89497500,72.41787900,01-10-2021 08:30,3460,Clear,"","","",""
151,BOREWELL OF MR. HITENDRABHAI LAKHMANBHAI KER SHIV SAI PARK NEW SMASHAN ROAD GANDHINAGAR,CPCB,24,Gujarat,447,Jamnagar,JAMNAGAR,-,-,-,-,-,-,-,-,22.49805600,70.05861100,05-04-2021 08:30,3740,Clear,"","","",""
152,BOREWELL OF MR. HITENDRABHAI LAKHMANBHAI KER SHIV SAI PARK NEW SMASHAN ROAD GANDHINAGAR,CPCB,24,Gujarat,447,Jamnagar,JAMNAGAR,-,-,-,-,-,-,-,-,22.49805600,70.05861100,01-10-2021 08:30,2817,Clear,"","","",""
153,BOREWELL OF M/S ALFA ECA (I) LTD. UNIT-1 SR.NO. 249 UMA IND. ESTATE VASNA  IYAVA SANAND AHMEDABAD,CPCB,24,Gujarat,438,Ahmedabad,AHMADABAD CITY,-,-,-,-,-,-,-,-,23.02768700,72.51873600,08-04-2021 08:30,2028,Clear,"","","",""
154,BOREWELL OF M/S ALFA ECA (I) LTD. UNIT-1 SR.NO. 249 UMA IND. ESTATE VASNA  IYAVA SANAND AHMEDABAD,CPCB,24,Gujarat,438,Ahmedabad,AHMADABAD CITY,-,-,-,-,-,-,-,-,23.02768700,72.51873600,06-10-2021 08:30,1917,Clear,"",3,"",""
155,BORE WELL OF NAVSARI GIDC INDUSTRIES ASSOCIATION OFFICE.,CPCB,24,Gujarat,453,Navsari,NAVSARI,-,-,-,-,-,-,-,-,20.94645000,72.94973600,04-04-2021 08:30,2399,Clear,"","","",""
156,BORE WELL OF NAVSARI GIDC INDUSTRIES ASSOCIATION OFFICE.,CPCB,24,Gujarat,453,Navsari,NAVSARI,-,-,-,-,-,-,-,-,20.94645000,72.94973600,02-10-2021 08:30,2337,Clear,"","","",""
157,BORE WELL OF PALSANA VILLAGE.,CPCB,24,Gujarat,459,Surat,PALSANA,-,-,-,-,-,-,-,-,21.08207500,72.98539200,01-04-2021 08:30,1405,Clear,"","","",""
158,BORE WELL OF PALSANA VILLAGE.,CPCB,24,Gujarat,459,Surat,PALSANA,-,-,-,-,-,-,-,-,21.08207500,72.98539200,04-10-2021 08:30,1256,Clear,"","","",""
159,BORE WELL OF PIRANA TERMINAL PUMPING STATION PIRANA NR. V. N. BRIDGE AHMEDABAD.,CPCB,24,Gujarat,438,Ahmedabad,AHMADABAD CITY,-,-,-,-,-,-,-,-,22.99119700,72.56691700,02-01-2021 08:30,2780,Clear,"",2,"",""
160,BORE WELL OF PIRANA TERMINAL PUMPING STATION PIRANA NR. V. N. BRIDGE AHMEDABAD.,CPCB,24,Gujarat,438,Ahmedabad,AHMADABAD CITY,-,-,-,-,-,-,-,-,22.99119700,72.56691700,03-02-2021 08:30,2851,Clear,"",2,"",""
161,BORE WELL OF PIRANA TERMINAL PUMPING STATION PIRANA NR. V. N. BRIDGE AHMEDABAD.,CPCB,24,Gujarat,438,Ahmedabad,AHMADABAD CITY,-,-,-,-,-,-,-,-,22.99119700,72.56691700,02-07-2021 08:30,3180,Clear,"","","",""
162,BORE WELL OF SACHIN GIDC.,CPCB,24,Gujarat,459,Surat,CHORASI,-,-,-,-,-,-,-,-,21.09307800,72.85745600,01-04-2021 08:30,8704,Clear,"","","",""
163,BORE WELL OF SACHIN GIDC.,CPCB,24,Gujarat,459,Surat,CHORASI,-,-,-,-,-,-,-,-,21.09307800,72.85745600,06-10-2021 08:30,7767,Clear,"","","",""
164,BORE WELL OF SANTEJ VILLAGE.,CPCB,24,Gujarat,446,Gandhinagar,KALOL,-,-,-,-,-,-,-,-,23.10170600,72.47466100,07-04-2021 08:30,2164,Clear,"","","",""
165,BOREWELL OF SHRI KANKESHWAR MAHADEV MANDIR OPP. MSW DUMPSITE VIBHAPAR,CPCB,24,Gujarat,447,Jamnagar,JAMNAGAR,-,-,-,-,-,-,-,-,22.47916700,70.09750000,03-04-2021 08:30,8115,Clear,"",6,"",""
166,BOREWELL OF SHRI KANKESHWAR MAHADEV MANDIR OPP. MSW DUMPSITE VIBHAPAR,CPCB,24,Gujarat,447,Jamnagar,JAMNAGAR,-,-,-,-,-,-,-,-,22.47916700,70.09750000,05-10-2021 08:30,4590,Clear,"",3,"",""
167,BOREWELL OF SHRI MAHAVIR METAL CRAFT PVT. LTD. PLOT NO. 3059 ROAD NO.6 NR. MAHAVIR CIRCLE PHASE-III,CPCB,24,Gujarat,447,Jamnagar,JAMNAGAR,-,-,-,-,-,-,-,-,22.41840400,70.04236600,03-04-2021 08:30,2410,Clear,"",2,"",""
168,BOREWELL OF SHRI MAHAVIR METAL CRAFT PVT. LTD. PLOT NO. 3059 ROAD NO.6 NR. MAHAVIR CIRCLE PHASE-III,CPCB,24,Gujarat,447,Jamnagar,JAMNAGAR,-,-,-,-,-,-,-,-,22.41840400,70.04236600,01-10-2021 08:30,2631,Clear,"","","",""
169,BORE WELL OF SOMESHWAR RICE MILL NR. BAVLA ECO PROJECT (CETP ) VILL. BAVLA DIST. AHMEDABAD.,CPCB,24,Gujarat,438,Ahmedabad,SANAND,-,-,-,-,-,-,-,-,22.85542300,72.36573400,01-04-2021 08:30,5910,Clear,"","","",""
170,BORE WELL OF SOMESHWAR RICE MILL NR. BAVLA ECO PROJECT (CETP ) VILL. BAVLA DIST. AHMEDABAD.,CPCB,24,Gujarat,438,Ahmedabad,SANAND,-,-,-,-,-,-,-,-,22.85542300,72.36573400,01-10-2021 08:30,5155,Clear,"","","",""
171,BOREWELL OF TOWN RAJPIPLA DIST.NARMADA,CPCB,24,Gujarat,452,Narmada,NANDOD,-,-,-,-,-,-,-,-,21.87146700,73.50041700,05-04-2021 08:30,619,Clear,"","","",""
172,BOREWELL OF TOWN RAJPIPLA DIST.NARMADA,CPCB,24,Gujarat,452,Narmada,NANDOD,-,-,-,-,-,-,-,-,21.87146700,73.50041700,05-10-2021 08:30,853,Clear,"","","",""
173,BORE WELL SNR. VINAYAK JAL SUDDHIKARAN SAHAKARI MANDALI LTD. (CETP ) VILL. BAVLA DIST. AHMEDABAD.,CPCB,24,Gujarat,438,Ahmedabad,AHMADABAD CITY,-,-,-,-,-,-,-,-,23.08061600,72.66693000,01-04-2021 08:30,6041,Clear,"","","",""
174,BORE WELL SNR. VINAYAK JAL SUDDHIKARAN SAHAKARI MANDALI LTD. (CETP ) VILL. BAVLA DIST. AHMEDABAD.,CPCB,24,Gujarat,438,Ahmedabad,AHMADABAD CITY,-,-,-,-,-,-,-,-,23.08061600,72.66693000,01-10-2021 08:30,5462,Clear,"","","",""
175,B/W NEAR INDL. AREA BORASARA & NAVAPURA DIST. SURAT.,CPCB,24,Gujarat,459,Surat,SURAT CITY,-,-,-,-,-,-,-,-,21.19651700,72.83093600,01-04-2021 08:30,3077,Clear,"",2,"",""
176,B/W NEAR INDL. AREA BORASARA & NAVAPURA DIST. SURAT.,CPCB,24,Gujarat,459,Surat,SURAT CITY,-,-,-,-,-,-,-,-,21.19651700,72.83093600,01-10-2021 08:30,3348,Clear,"","","",""
177,B/W OF DISASTER PREVENTION AND MANAGEMANT CENTER(DPMC) GIDE ANKLE SHWAR FOR (MINARS),CPCB,24,Gujarat,442,Bharuch,ANKLESVAR,-,-,-,-,-,-,-,-,21.61661300,73.00895000,01-04-2021 08:30,1332,Clear,"","","",""
178,B/W OF DISASTER PREVENTION AND MANAGEMANT CENTER(DPMC) GIDE ANKLE SHWAR FOR (MINARS),CPCB,24,Gujarat,442,Bharuch,ANKLESVAR,-,-,-,-,-,-,-,-,21.61661300,73.00895000,10-12-2021 08:30,1049,Clear,"","","",""
179,B/W OF JASHWANTBHAI PARMAR S. NO. 18 AT: VILLAGE KALAMSAR TA KHAMBHAT,CPCB,24,Gujarat,440,Anand,KHAMBHAT,-,-,-,-,-,-,-,-,22.29160200,72.73921000,05-04-2021 08:30,1172,Clear,"","","",""
180,B/W OF JASHWANTBHAI PARMAR S. NO. 18 AT: VILLAGE KALAMSAR TA KHAMBHAT,CPCB,24,Gujarat,440,Anand,KHAMBHAT,-,-,-,-,-,-,-,-,22.29160200,72.73921000,04-10-2021 08:30,1265,Clear,"",1.5,"",""
181,CHANDOLA LAKE AT AHMEDABAD,CPCB,24,Gujarat,438,Ahmedabad,AHMADABAD CITY,-,-,-,-,-,-,-,-,22.98797200,72.58906700,02-01-2021 08:30,507,"","","","",""
182,CHANDOLA LAKE AT AHMEDABAD,CPCB,24,Gujarat,438,Ahmedabad,AHMADABAD CITY,-,-,-,-,-,-,-,-,22.98797200,72.58906700,03-02-2021 08:30,449,"","","","",""
183,CHANDOLA LAKE AT AHMEDABAD,CPCB,24,Gujarat,438,Ahmedabad,AHMADABAD CITY,-,-,-,-,-,-,-,-,22.98797200,72.58906700,02-03-2021 08:30,538,"","","","",""
184,CHANDOLA LAKE AT AHMEDABAD,CPCB,24,Gujarat,438,Ahmedabad,AHMADABAD CITY,-,-,-,-,-,-,-,-,22.98797200,72.58906700,03-04-2021 08:30,575,"","","","",""
185,CHANDOLA LAKE AT AHMEDABAD,CPCB,24,Gujarat,438,Ahmedabad,AHMADABAD CITY,-,-,-,-,-,-,-,-,22.98797200,72.58906700,03-05-2021 08:30,604,"","","","",""
186,CHANDOLA LAKE AT AHMEDABAD,CPCB,24,Gujarat,438,Ahmedabad,AHMADABAD CITY,-,-,-,-,-,-,-,-,22.98797200,72.58906700,07-06-2021 08:30,580,"","","","",""
187,CHANDOLA LAKE AT AHMEDABAD,CPCB,24,Gujarat,438,Ahmedabad,AHMADABAD CITY,-,-,-,-,-,-,-,-,22.98797200,72.58906700,02-07-2021 08:30,669,"","","","",""
188,CHANDOLA LAKE AT AHMEDABAD,CPCB,24,Gujarat,438,Ahmedabad,AHMADABAD CITY,-,-,-,-,-,-,-,-,22.98797200,72.58906700,05-08-2021 08:30,626,"","","","",""
189,CHANDOLA LAKE AT AHMEDABAD,CPCB,24,Gujarat,438,Ahmedabad,AHMADABAD CITY,-,-,-,-,-,-,-,-,22.98797200,72.58906700,01-09-2021 08:30,584,"","","","",""
190,CHANDOLA LAKE AT AHMEDABAD,CPCB,24,Gujarat,438,Ahmedabad,AHMADABAD CITY,-,-,-,-,-,-,-,-,22.98797200,72.58906700,04-10-2021 08:30,621,"","","","",""
191,CHANDOLA LAKE AT AHMEDABAD,CPCB,24,Gujarat,438,Ahmedabad,AHMADABAD CITY,-,-,-,-,-,-,-,-,22.98797200,72.58906700,02-11-2021 08:30,618,"","","","",""
192,CITY LAKE OF NADIAD,CPCB,24,Gujarat,440,Anand,SOJITRA,-,-,-,-,-,-,-,-,22.60045300,72.76383600,04-01-2021 08:30,899,"","","","",""
193,CITY LAKE OF NADIAD,CPCB,24,Gujarat,440,Anand,SOJITRA,-,-,-,-,-,-,-,-,22.60045300,72.76383600,01-02-2021 08:30,892,"","","","",""
194,CITY LAKE OF NADIAD,CPCB,24,Gujarat,440,Anand,SOJITRA,-,-,-,-,-,-,-,-,22.60045300,72.76383600,03-03-2021 08:30,900,"","","","",""
195,CITY LAKE OF NADIAD,CPCB,24,Gujarat,440,Anand,SOJITRA,-,-,-,-,-,-,-,-,22.60045300,72.76383600,03-04-2021 08:30,1470,"","","","",""
196,CITY LAKE OF NADIAD,CPCB,24,Gujarat,440,Anand,SOJITRA,-,-,-,-,-,-,-,-,22.60045300,72.76383600,03-05-2021 08:30,1621,"","","","",""
197,CITY LAKE OF NADIAD,CPCB,24,Gujarat,440,Anand,SOJITRA,-,-,-,-,-,-,-,-,22.60045300,72.76383600,03-06-2021 08:30,1146,"","","","",""
198,CITY LAKE OF NADIAD,CPCB,24,Gujarat,440,Anand,SOJITRA,-,-,-,-,-,-,-,-,22.60045300,72.76383600,01-07-2021 08:30,1111,"","","","",""
199,CITY LAKE OF NADIAD,CPCB,24,Gujarat,440,Anand,SOJITRA,-,-,-,-,-,-,-,-,22.60045300,72.76383600,02-08-2021 08:30,1095,"","","","",""
200,CITY LAKE OF NADIAD,CPCB,24,Gujarat,440,Anand,SOJITRA,-,-,-,-,-,-,-,-,22.60045300,72.76383600,06-09-2021 08:30,1323,"","","","",""
201,CITY LAKE OF NADIAD,CPCB,24,Gujarat,440,Anand,SOJITRA,-,-,-,-,-,-,-,-,22.60045300,72.76383600,04-10-2021 08:30,995,"","","","",""
202,CITY LAKE OF NADIAD,CPCB,24,Gujarat,440,Anand,SOJITRA,-,-,-,-,-,-,-,-,22.60045300,72.76383600,01-11-2021 08:30,1230,"","","","",""
203,CITY LAKE OF NADIAD,CPCB,24,Gujarat,440,Anand,SOJITRA,-,-,-,-,-,-,-,-,22.60045300,72.76383600,01-12-2021 08:30,1616,"","","","",""
204,DAMANGANGA AT D/S OF GIDC WEIR VAPI,CPCB,24,Gujarat,462,Valsad,UMBERGAON,-,-,-,-,-,-,-,-,20.33642200,72.91572400,25-02-2021 08:30,"","","","","",""
205,DAMANGANGA AT D/S OF MADHUBAN DAMAN,CPCB,24,Gujarat,441,DAMAN,DAMAN,-,-,-,-,-,-,-,-,20.41181900,72.83326400,29-01-2021 08:30,"","","","","",""
206,DAMANGANGA AT D/S OF MADHUBAN DAMAN,CPCB,24,Gujarat,441,DAMAN,DAMAN,-,-,-,-,-,-,-,-,20.41181900,72.83326400,23-02-2021 08:30,"","","","","",""
207,DAMANGANGA AT D/S OF MADHUBAN DAMAN,CPCB,24,Gujarat,441,DAMAN,DAMAN,-,-,-,-,-,-,-,-,20.41181900,72.83326400,25-03-2021 08:30,"","","","","",""
208,DAMANGANGA AT KACHIGAON U\S AT GIDC WIER,CPCB,24,Gujarat,462,Valsad,UMBERGAON,-,-,-,-,-,-,-,-,20.35882500,72.88170800,01-01-2021 08:30,"","","","","",""
209,DAMANGANGA AT KACHIGAON U\S AT GIDC WIER,CPCB,24,Gujarat,462,Valsad,UMBERGAON,-,-,-,-,-,-,-,-,20.35882500,72.88170800,03-02-2021 08:30,"","","","","",""
210,DAMANGANGA AT KACHIGAON U\S AT GIDC WIER,CPCB,24,Gujarat,462,Valsad,UMBERGAON,-,-,-,-,-,-,-,-,20.35882500,72.88170800,03-03-2021 08:30,"","","","","",""
211,DEESA BOREWELL,CPCB,24,Gujarat,441,Banaskantha,BHABHAR,-,-,-,-,-,-,-,-,24.25708300,72.19308400,04-04-2021 08:30,820,Clear,"","","",""
212,DEESA BOREWELL,CPCB,24,Gujarat,441,Banaskantha,BHABHAR,-,-,-,-,-,-,-,-,24.25708300,72.19308400,01-10-2021 08:30,1128,Clear,"","","",""
213,DHADAR RIVER AT KOTHADA,CPCB,24,Gujarat,457,Rajkot,JAMKANDORNA,-,-,-,-,-,-,-,-,22.02327900,70.36872400,02-01-2021 08:30,"","","","","",""
214,DHADAR RIVER AT KOTHADA,CPCB,24,Gujarat,457,Rajkot,JAMKANDORNA,-,-,-,-,-,-,-,-,22.02327900,70.36872400,03-02-2021 08:30,"","","","","",""
215,DHADAR RIVER AT KOTHADA,CPCB,24,Gujarat,457,Rajkot,JAMKANDORNA,-,-,-,-,-,-,-,-,22.02327900,70.36872400,03-03-2021 08:30,"","","","","",""
216,DHAROI DAM DIST. MEHSANA.,CPCB,24,Gujarat,458,Sabarkantha,BAYAD,-,-,-,-,-,-,-,-,24.00424700,72.85473600,01-01-2021 08:30,"","","","","",""
217,DHAROI DAM DIST. MEHSANA.,CPCB,24,Gujarat,458,Sabarkantha,BAYAD,-,-,-,-,-,-,-,-,24.00424700,72.85473600,01-02-2021 08:30,"","","","","",""
218,DHAROI DAM DIST. MEHSANA.,CPCB,24,Gujarat,458,Sabarkantha,BAYAD,-,-,-,-,-,-,-,-,24.00424700,72.85473600,02-03-2021 08:30,"","","","","",""
219,DISCHARGE POINT OF DISTILLERY DAMAN,CPCB,24,Gujarat,441,DAMAN,DAMAN,-,-,-,-,-,-,-,-,20.39511100,72.86333100,29-01-2021 08:30,"","","","","",""
220,DISCHARGE POINT OF DISTILLERY DAMAN,CPCB,24,Gujarat,441,DAMAN,DAMAN,-,-,-,-,-,-,-,-,20.39511100,72.86333100,23-02-2021 08:30,"","","","","",""
221,DISCHARGE POINT OF DISTILLERY DAMAN,CPCB,24,Gujarat,441,DAMAN,DAMAN,-,-,-,-,-,-,-,-,20.39511100,72.86333100,25-03-2021 08:30,"","","","","",""
222,D/S OF M/S SURAT BEVERAGES VILLAGE DADRA SILVASSA,CPCB,24,Gujarat,462,Valsad,VALSAD,-,-,-,-,-,-,-,-,20.31223100,72.95376800,29-01-2021 08:30,"","","","","",""
223,D/S OF M/S SURAT BEVERAGES VILLAGE DADRA SILVASSA,CPCB,24,Gujarat,462,Valsad,VALSAD,-,-,-,-,-,-,-,-,20.31223100,72.95376800,23-02-2021 08:30,"","","","","",""
224,D/S OF M/S SURAT BEVERAGES VILLAGE DADRA SILVASSA,CPCB,24,Gujarat,462,Valsad,VALSAD,-,-,-,-,-,-,-,-,20.31223100,72.95376800,25-03-2021 08:30,"","","","","",""
225,GIDC DAHOD DAHOD,CPCB,24,Gujarat,445,Dohad,DOHAD,-,-,-,-,-,-,-,-,22.84022500,74.25362500,05-04-2021 08:30,1888,Clear,"",1.5,"",""
226,GIDC DAHOD DAHOD,CPCB,24,Gujarat,445,Dohad,DOHAD,-,-,-,-,-,-,-,-,22.84022500,74.25362500,01-10-2021 08:30,1716,Clear,"",1.9,"",""
227,GOMTI LAKE OPP RANCHODAJI TEMPLE DAKOR KHEDA,CPCB,24,Gujarat,450,Kheda,THASRA,-,-,-,-,-,-,-,-,22.75617500,73.14648600,04-01-2021 08:30,396,"","","","",""
228,GOMTI LAKE OPP RANCHODAJI TEMPLE DAKOR KHEDA,CPCB,24,Gujarat,450,Kheda,THASRA,-,-,-,-,-,-,-,-,22.75617500,73.14648600,01-02-2021 08:30,424,"","","","",""
229,GOMTI LAKE OPP RANCHODAJI TEMPLE DAKOR KHEDA,CPCB,24,Gujarat,450,Kheda,THASRA,-,-,-,-,-,-,-,-,22.75617500,73.14648600,02-03-2021 08:30,460,"","","","",""
230,GOMTI LAKE OPP RANCHODAJI TEMPLE DAKOR KHEDA,CPCB,24,Gujarat,450,Kheda,THASRA,-,-,-,-,-,-,-,-,22.75617500,73.14648600,03-04-2021 08:30,373,"","","","",""
231,GOMTI LAKE OPP RANCHODAJI TEMPLE DAKOR KHEDA,CPCB,24,Gujarat,450,Kheda,THASRA,-,-,-,-,-,-,-,-,22.75617500,73.14648600,03-05-2021 08:30,638,"","","","",""
232,GOMTI LAKE OPP RANCHODAJI TEMPLE DAKOR KHEDA,CPCB,24,Gujarat,450,Kheda,THASRA,-,-,-,-,-,-,-,-,22.75617500,73.14648600,03-06-2021 08:30,443,"","","","",""
233,GOMTI LAKE OPP RANCHODAJI TEMPLE DAKOR KHEDA,CPCB,24,Gujarat,450,Kheda,THASRA,-,-,-,-,-,-,-,-,22.75617500,73.14648600,01-07-2021 08:30,335,"","","","",""
234,GOMTI LAKE OPP RANCHODAJI TEMPLE DAKOR KHEDA,CPCB,24,Gujarat,450,Kheda,THASRA,-,-,-,-,-,-,-,-,22.75617500,73.14648600,02-08-2021 08:30,502,"","","","",""
235,GOMTI LAKE OPP RANCHODAJI TEMPLE DAKOR KHEDA,CPCB,24,Gujarat,450,Kheda,THASRA,-,-,-,-,-,-,-,-,22.75617500,73.14648600,06-09-2021 08:30,580,"","","","",""
236,GOMTI LAKE OPP RANCHODAJI TEMPLE DAKOR KHEDA,CPCB,24,Gujarat,450,Kheda,THASRA,-,-,-,-,-,-,-,-,22.75617500,73.14648600,04-10-2021 08:30,646,"","","","",""
237,GOMTI LAKE OPP RANCHODAJI TEMPLE DAKOR KHEDA,CPCB,24,Gujarat,450,Kheda,THASRA,-,-,-,-,-,-,-,-,22.75617500,73.14648600,01-11-2021 08:30,641,"","","","",""
238,GOMTI LAKE OPP RANCHODAJI TEMPLE DAKOR KHEDA,CPCB,24,Gujarat,450,Kheda,THASRA,-,-,-,-,-,-,-,-,22.75617500,73.14648600,01-12-2021 08:30,610,"","","","",""
239,GROUND WATER AT BHUJ,CPCB,24,Gujarat,449,Kachchh,BHUJ,-,-,-,-,-,-,-,-,23.24200000,69.66693300,01-04-2021 08:30,3180,Clear,"",73,"",""
240,GROUND WATER AT BHUJ,CPCB,24,Gujarat,449,Kachchh,BHUJ,-,-,-,-,-,-,-,-,23.24200000,69.66693300,01-10-2021 08:30,2940,Clear,"","","",""
241,GROUND WATER AT DAHOD,CPCB,24,Gujarat,445,Dohad,DOHAD,-,-,-,-,-,-,-,-,22.83793100,74.25314700,05-04-2021 08:30,1356,Clear,"",1.6,"",""
242,GROUND WATER AT DAHOD,CPCB,24,Gujarat,445,Dohad,DOHAD,-,-,-,-,-,-,-,-,22.83793100,74.25314700,01-10-2021 08:30,1195,Clear,"",1.6,"",""
243,GROUND WATER AT HIMATNAGAR,CPCB,24,Gujarat,458,Sabarkantha,BAYAD,-,-,-,-,-,-,-,-,23.61232500,72.96030800,01-04-2021 08:30,1114,Clear,"","","",""
244,GROUND WATER AT HIMATNAGAR,CPCB,24,Gujarat,458,Sabarkantha,BAYAD,-,-,-,-,-,-,-,-,23.61232500,72.96030800,04-10-2021 08:30,965,Clear,"","","",""
245,GROUND WATER AT JAMNAGAR,CPCB,24,Gujarat,447,Jamnagar,JAMNAGAR,-,-,-,-,-,-,-,-,22.47070300,70.05773900,03-04-2021 08:30,1789,Clear,"","","",""
246,GROUND WATER AT JAMNAGAR,CPCB,24,Gujarat,447,Jamnagar,JAMNAGAR,-,-,-,-,-,-,-,-,22.47070300,70.05773900,01-10-2021 08:30,1452,Clear,"",8,"",""
247,GROUND WATER AT JUNAGADH,CPCB,24,Gujarat,448,Junagadh,JUNAGADH,-,-,-,-,-,-,-,-,21.52204100,70.45785000,08-04-2021 08:30,1153,Clear,"",2,"",""
248,GROUND WATER AT JUNAGADH,CPCB,24,Gujarat,448,Junagadh,JUNAGADH,-,-,-,-,-,-,-,-,21.52204100,70.45785000,01-10-2021 08:30,890,Clear,"",2,"",""
249,GROUND WATER AT MEHASANA,CPCB,24,Gujarat,451,Mahesana,MAHESANA,-,-,-,-,-,-,-,-,23.58799200,72.36930800,01-04-2021 08:30,3267,Clear,"","","",""
250,GROUND WATER AT MEHASANA,CPCB,24,Gujarat,451,Mahesana,MAHESANA,-,-,-,-,-,-,-,-,23.58799200,72.36930800,01-10-2021 08:30,"",Clear,"","","",""
251,GROUND WATER AT NADIAD,CPCB,24,Gujarat,450,Kheda,NADIAD,-,-,-,-,-,-,-,-,22.70001000,72.87000100,03-04-2021 08:30,1407,Clear,"","","",""
252,GROUND WATER AT NADIAD,CPCB,24,Gujarat,450,Kheda,NADIAD,-,-,-,-,-,-,-,-,22.70001000,72.87000100,04-10-2021 08:30,1868,Clear,"",1.6,"",""
253,GROUND WATER AT PALANPUR,CPCB,24,Gujarat,441,Banaskantha,BHABHAR,-,-,-,-,-,-,-,-,24.17405000,72.43310000,01-04-2021 08:30,1559,Clear,"","","",""
254,GROUND WATER AT PALANPUR,CPCB,24,Gujarat,441,Banaskantha,BHABHAR,-,-,-,-,-,-,-,-,24.17405000,72.43310000,01-10-2021 08:30,1079,Clear,"","","",""
255,GROUND WATER AT RAJKOT,CPCB,24,Gujarat,457,Rajkot,RAJKOT,-,-,-,-,-,-,-,-,22.30389200,70.80215800,07-04-2021 08:30,786,Clear,"",2,"",""
256,GROUND WATER AT SIDDHPUR (DIST.PATAN),CPCB,24,Gujarat,455,Patan,SIDHPUR,-,-,-,-,-,-,-,-,23.91961900,72.36683600,03-04-2021 08:30,1743,Clear,"","","",""
257,GROUND WATER AT SIDDHPUR (DIST.PATAN),CPCB,24,Gujarat,455,Patan,SIDHPUR,-,-,-,-,-,-,-,-,23.91961900,72.36683600,01-10-2021 08:30,1644,Clear,"","","",""
258,GROUND WATER AT SURENDRANAGAR,CPCB,24,Gujarat,460,Surendranagar,WADHWAN,-,-,-,-,-,-,-,-,22.72014100,71.64949100,01-04-2021 08:30,3518,Clear,"",2,"",""
259,GROUND WATER AT SURENDRANAGAR,CPCB,24,Gujarat,460,Surendranagar,WADHWAN,-,-,-,-,-,-,-,-,22.72014100,71.64949100,01-10-2021 08:30,2640,Clear,"",2,"",""
260,HAMISAR TALAV BHUJ,CPCB,24,Gujarat,449,Kachchh,BHUJ,-,-,-,-,-,-,-,-,23.25144400,69.66336100,01-01-2021 08:30,546,"","","","",""
261,HAMISAR TALAV BHUJ,CPCB,24,Gujarat,449,Kachchh,BHUJ,-,-,-,-,-,-,-,-,23.25144400,69.66336100,01-02-2021 08:30,363,"","","","",""
262,HAMISAR TALAV BHUJ,CPCB,24,Gujarat,449,Kachchh,BHUJ,-,-,-,-,-,-,-,-,23.25144400,69.66336100,03-03-2021 08:30,625,"","","","",""
263,HAMISAR TALAV BHUJ,CPCB,24,Gujarat,449,Kachchh,BHUJ,-,-,-,-,-,-,-,-,23.25144400,69.66336100,01-04-2021 08:30,630,"","","","",""
264,HAMISAR TALAV BHUJ,CPCB,24,Gujarat,449,Kachchh,BHUJ,-,-,-,-,-,-,-,-,23.25144400,69.66336100,03-05-2021 08:30,590,"","","","",""
265,HAMISAR TALAV BHUJ,CPCB,24,Gujarat,449,Kachchh,BHUJ,-,-,-,-,-,-,-,-,23.25144400,69.66336100,08-06-2021 08:30,490,"","","","",""
266,HAMISAR TALAV BHUJ,CPCB,24,Gujarat,449,Kachchh,BHUJ,-,-,-,-,-,-,-,-,23.25144400,69.66336100,02-07-2021 08:30,690,"","","","",""
267,HAMISAR TALAV BHUJ,CPCB,24,Gujarat,449,Kachchh,BHUJ,-,-,-,-,-,-,-,-,23.25144400,69.66336100,03-08-2021 08:30,650,"","","","",""
268,HAMISAR TALAV BHUJ,CPCB,24,Gujarat,449,Kachchh,BHUJ,-,-,-,-,-,-,-,-,23.25144400,69.66336100,03-09-2021 08:30,510,"","","","",""
269,HAMISAR TALAV BHUJ,CPCB,24,Gujarat,449,Kachchh,BHUJ,-,-,-,-,-,-,-,-,23.25144400,69.66336100,01-10-2021 08:30,550,"","","","",""
270,HAMISAR TALAV BHUJ,CPCB,24,Gujarat,449,Kachchh,BHUJ,-,-,-,-,-,-,-,-,23.25144400,69.66336100,01-11-2021 08:30,540,"","","","",""
271,HAMISAR TALAV BHUJ,CPCB,24,Gujarat,449,Kachchh,BHUJ,-,-,-,-,-,-,-,-,23.25144400,69.66336100,04-12-2021 08:30,570,"","","","",""
272,JILLA PANCHAYAT SCHOOL NEAR GRAM PANCHAYAT KATA FALIA VILLAGE NAMDHA VALSAD,CPCB,24,Gujarat,462,Valsad,VALSAD,-,-,-,-,-,-,-,-,20.60805200,72.92915100,03-04-2021 08:30,562,Clear,"","","",""
273,JILLA PANCHAYAT SCHOOL NEAR GRAM PANCHAYAT KATA FALIA VILLAGE NAMDHA VALSAD,CPCB,24,Gujarat,462,Valsad,VALSAD,-,-,-,-,-,-,-,-,20.60805200,72.92915100,05-10-2021 08:30,676,Clear,"","","",""
274,KANKORIA LAKE AT AHMEDABAD NR. BALVATIKA,CPCB,24,Gujarat,438,Ahmedabad,AHMADABAD CITY,-,-,-,-,-,-,-,-,23.00673100,72.60162200,01-01-2021 08:30,2571,"","","","",""
275,KANKORIA LAKE AT AHMEDABAD NR. BALVATIKA,CPCB,24,Gujarat,438,Ahmedabad,AHMADABAD CITY,-,-,-,-,-,-,-,-,23.00673100,72.60162200,02-02-2021 08:30,2583,"","","","",""
276,KANKORIA LAKE AT AHMEDABAD NR. BALVATIKA,CPCB,24,Gujarat,438,Ahmedabad,AHMADABAD CITY,-,-,-,-,-,-,-,-,23.00673100,72.60162200,01-03-2021 08:30,2938,"","","","",""
277,KANKORIA LAKE AT AHMEDABAD NR. BALVATIKA,CPCB,24,Gujarat,438,Ahmedabad,AHMADABAD CITY,-,-,-,-,-,-,-,-,23.00673100,72.60162200,01-04-2021 08:30,3640,"","","","",""
278,KANKORIA LAKE AT AHMEDABAD NR. BALVATIKA,CPCB,24,Gujarat,438,Ahmedabad,AHMADABAD CITY,-,-,-,-,-,-,-,-,23.00673100,72.60162200,04-05-2021 08:30,3298,"","","","",""
279,KANKORIA LAKE AT AHMEDABAD NR. BALVATIKA,CPCB,24,Gujarat,438,Ahmedabad,AHMADABAD CITY,-,-,-,-,-,-,-,-,23.00673100,72.60162200,07-06-2021 08:30,3131,"","","","",""
280,KANKORIA LAKE AT AHMEDABAD NR. BALVATIKA,CPCB,24,Gujarat,438,Ahmedabad,AHMADABAD CITY,-,-,-,-,-,-,-,-,23.00673100,72.60162200,01-07-2021 08:30,3088,"","","","",""
281,KANKORIA LAKE AT AHMEDABAD NR. BALVATIKA,CPCB,24,Gujarat,438,Ahmedabad,AHMADABAD CITY,-,-,-,-,-,-,-,-,23.00673100,72.60162200,03-08-2021 08:30,2902,"","","","",""
282,KANKORIA LAKE AT AHMEDABAD NR. BALVATIKA,CPCB,24,Gujarat,438,Ahmedabad,AHMADABAD CITY,-,-,-,-,-,-,-,-,23.00673100,72.60162200,01-09-2021 08:30,2803,"","","","",""
283,KANKORIA LAKE AT AHMEDABAD NR. BALVATIKA,CPCB,24,Gujarat,438,Ahmedabad,AHMADABAD CITY,-,-,-,-,-,-,-,-,23.00673100,72.60162200,01-10-2021 08:30,3999,"","","","",""
284,KANKORIA LAKE AT AHMEDABAD NR. BALVATIKA,CPCB,24,Gujarat,438,Ahmedabad,AHMADABAD CITY,-,-,-,-,-,-,-,-,23.00673100,72.60162200,01-11-2021 08:30,2690,"","","","",""
285,KAVERI RIVER ON BRIDGE AT BILLIMORA-VALSAD ROAD,CPCB,24,Gujarat,453,Navsari,CHIKHLI,-,-,-,-,-,-,-,-,20.75603300,73.06678600,01-01-2021 08:30,"","","","","",""
286,KAVERI RIVER ON BRIDGE AT BILLIMORA-VALSAD ROAD,CPCB,24,Gujarat,453,Navsari,CHIKHLI,-,-,-,-,-,-,-,-,20.75603300,73.06678600,04-02-2021 08:30,"","","","","",""
287,KAVERI RIVER ON BRIDGE AT BILLIMORA-VALSAD ROAD,CPCB,24,Gujarat,453,Navsari,CHIKHLI,-,-,-,-,-,-,-,-,20.75603300,73.06678600,02-03-2021 08:30,"","","","","",""
288,KHARI AT LALI VILLAGE NEAR AHMEDABAD,CPCB,24,Gujarat,450,Kheda,KHEDA,-,-,-,-,-,-,-,-,22.86874900,72.62735100,02-01-2021 08:30,"","","","","",""
289,KHARI AT LALI VILLAGE NEAR AHMEDABAD,CPCB,24,Gujarat,450,Kheda,KHEDA,-,-,-,-,-,-,-,-,22.86874900,72.62735100,02-02-2021 08:30,"","","","","",""
290,KHARI AT LALI VILLAGE NEAR AHMEDABAD,CPCB,24,Gujarat,450,Kheda,KHEDA,-,-,-,-,-,-,-,-,22.86874900,72.62735100,02-03-2021 08:30,"","","","","",""
291,KIM RIVER AT SAHOL BRIDGE OLPAD HANSOT ROAD DIST. SURAT,CPCB,24,Gujarat,442,Bharuch,OKHAMANDAL,-,-,-,-,-,-,-,-,21.46109400,72.72632700,05-01-2021 08:30,"","","","","",""
292,KIM RIVER AT SAHOL BRIDGE OLPAD HANSOT ROAD DIST. SURAT,CPCB,24,Gujarat,442,Bharuch,OKHAMANDAL,-,-,-,-,-,-,-,-,21.46109400,72.72632700,02-02-2021 08:30,"","","","","",""
293,KIM RIVER AT SAHOL BRIDGE OLPAD HANSOT ROAD DIST. SURAT,CPCB,24,Gujarat,442,Bharuch,OKHAMANDAL,-,-,-,-,-,-,-,-,21.46109400,72.72632700,02-03-2021 08:30,"","","","","",""
294,KOLAK AT PATALIA BDG.,CPCB,24,Gujarat,462,Valsad,PARDI,-,-,-,-,-,-,-,-,20.46151100,72.88655600,02-01-2021 08:30,"","","","","",""
295,KOLAK AT PATALIA BDG.,CPCB,24,Gujarat,462,Valsad,PARDI,-,-,-,-,-,-,-,-,20.46151100,72.88655600,02-02-2021 08:30,"","","","","",""
296,KOLAK AT PATALIA BDG.,CPCB,24,Gujarat,462,Valsad,PARDI,-,-,-,-,-,-,-,-,20.46151100,72.88655600,02-03-2021 08:30,"","","","","",""
297,KOLAK AT RAILWAY BRIDGE NO. 313 VAPI VALSAD,CPCB,24,Gujarat,462,Valsad,PARDI,-,-,-,-,-,-,-,-,20.34246100,72.90540300,02-01-2021 08:30,"","","","","",""
298,KOLAK AT RAILWAY BRIDGE NO. 313 VAPI VALSAD,CPCB,24,Gujarat,462,Valsad,PARDI,-,-,-,-,-,-,-,-,20.34246100,72.90540300,02-02-2021 08:30,"","","","","",""
299,KOLAK AT RAILWAY BRIDGE NO. 313 VAPI VALSAD,CPCB,24,Gujarat,462,Valsad,PARDI,-,-,-,-,-,-,-,-,20.34246100,72.90540300,02-03-2021 08:30,"","","","","",""
300,KUWADAVA LAKE VILL. KUWADAVA DIST. RAJKOT.,CPCB,24,Gujarat,457,Rajkot,RAJKOT,-,-,-,-,-,-,-,-,22.35771500,70.93984800,01-01-2021 08:30,920,"","","","",""
301,KUWADAVA LAKE VILL. KUWADAVA DIST. RAJKOT.,CPCB,24,Gujarat,457,Rajkot,RAJKOT,-,-,-,-,-,-,-,-,22.35771500,70.93984800,05-02-2021 08:30,1084,"","","","",""
302,KUWADAVA LAKE VILL. KUWADAVA DIST. RAJKOT.,CPCB,24,Gujarat,457,Rajkot,RAJKOT,-,-,-,-,-,-,-,-,22.35771500,70.93984800,01-03-2021 08:30,1011,"","","","",""
303,KUWADAVA LAKE VILL. KUWADAVA DIST. RAJKOT.,CPCB,24,Gujarat,457,Rajkot,RAJKOT,-,-,-,-,-,-,-,-,22.35771500,70.93984800,01-04-2021 08:30,1558,"","","","",""
304,KUWADAVA LAKE VILL. KUWADAVA DIST. RAJKOT.,CPCB,24,Gujarat,457,Rajkot,RAJKOT,-,-,-,-,-,-,-,-,22.35771500,70.93984800,01-05-2021 08:30,1603,"","","","",""
305,KUWADAVA LAKE VILL. KUWADAVA DIST. RAJKOT.,CPCB,24,Gujarat,457,Rajkot,RAJKOT,-,-,-,-,-,-,-,-,22.35771500,70.93984800,01-06-2021 08:30,3120,"","","","",""
306,KUWADAVA LAKE VILL. KUWADAVA DIST. RAJKOT.,CPCB,24,Gujarat,457,Rajkot,RAJKOT,-,-,-,-,-,-,-,-,22.35771500,70.93984800,01-07-2021 08:30,1535,"","","","",""
307,KUWADAVA LAKE VILL. KUWADAVA DIST. RAJKOT.,CPCB,24,Gujarat,457,Rajkot,RAJKOT,-,-,-,-,-,-,-,-,22.35771500,70.93984800,04-08-2021 08:30,2645,"","","","",""
308,KUWADAVA LAKE VILL. KUWADAVA DIST. RAJKOT.,CPCB,24,Gujarat,457,Rajkot,RAJKOT,-,-,-,-,-,-,-,-,22.35771500,70.93984800,07-09-2021 08:30,2640,"","","","",""
309,KUWADAVA LAKE VILL. KUWADAVA DIST. RAJKOT.,CPCB,24,Gujarat,457,Rajkot,RAJKOT,-,-,-,-,-,-,-,-,22.35771500,70.93984800,06-10-2021 08:30,452,"","","","",""
310,KUWADAVA LAKE VILL. KUWADAVA DIST. RAJKOT.,CPCB,24,Gujarat,457,Rajkot,RAJKOT,-,-,-,-,-,-,-,-,22.35771500,70.93984800,02-11-2021 08:30,712,"","","","",""
311,KUWADAVA LAKE VILL. KUWADAVA DIST. RAJKOT.,CPCB,24,Gujarat,457,Rajkot,RAJKOT,-,-,-,-,-,-,-,-,22.35771500,70.93984800,08-12-2021 08:30,740,"","","","",""
312,LAKHOTA TALAV JAMNAGAR,CPCB,24,Gujarat,447,Jamnagar,JAMNAGAR,-,-,-,-,-,-,-,-,22.46511900,70.06823100,04-01-2021 08:30,358,"","","","",""
313,LAKHOTA TALAV JAMNAGAR,CPCB,24,Gujarat,447,Jamnagar,JAMNAGAR,-,-,-,-,-,-,-,-,22.46511900,70.06823100,02-02-2021 08:30,530,"","","","",""
314,LAKHOTA TALAV JAMNAGAR,CPCB,24,Gujarat,447,Jamnagar,JAMNAGAR,-,-,-,-,-,-,-,-,22.46511900,70.06823100,01-03-2021 08:30,703,"","","","",""
315,LAKHOTA TALAV JAMNAGAR,CPCB,24,Gujarat,447,Jamnagar,JAMNAGAR,-,-,-,-,-,-,-,-,22.46511900,70.06823100,03-04-2021 08:30,809,"","","","",""
316,LAKHOTA TALAV JAMNAGAR,CPCB,24,Gujarat,447,Jamnagar,JAMNAGAR,-,-,-,-,-,-,-,-,22.46511900,70.06823100,04-05-2021 08:30,835,"","","","",""
317,LAKHOTA TALAV JAMNAGAR,CPCB,24,Gujarat,447,Jamnagar,JAMNAGAR,-,-,-,-,-,-,-,-,22.46511900,70.06823100,01-06-2021 08:30,814,"","","","",""
318,LAKHOTA TALAV JAMNAGAR,CPCB,24,Gujarat,447,Jamnagar,JAMNAGAR,-,-,-,-,-,-,-,-,22.46511900,70.06823100,02-07-2021 08:30,822,"","","","",""
319,LAKHOTA TALAV JAMNAGAR,CPCB,24,Gujarat,447,Jamnagar,JAMNAGAR,-,-,-,-,-,-,-,-,22.46511900,70.06823100,02-08-2021 08:30,808,"","","","",""
320,LAKHOTA TALAV JAMNAGAR,CPCB,24,Gujarat,447,Jamnagar,JAMNAGAR,-,-,-,-,-,-,-,-,22.46511900,70.06823100,02-09-2021 08:30,741,"","","","",""
321,LAKHOTA TALAV JAMNAGAR,CPCB,24,Gujarat,447,Jamnagar,JAMNAGAR,-,-,-,-,-,-,-,-,22.46511900,70.06823100,05-10-2021 08:30,510,"","","","",""
322,LAKHOTA TALAV JAMNAGAR,CPCB,24,Gujarat,447,Jamnagar,JAMNAGAR,-,-,-,-,-,-,-,-,22.46511900,70.06823100,08-11-2021 08:30,780,"","","","",""
323,LAKHOTA TALAV JAMNAGAR,CPCB,24,Gujarat,447,Jamnagar,JAMNAGAR,-,-,-,-,-,-,-,-,22.46511900,70.06823100,02-12-2021 08:30,607,"","","","",""
324,MACHHU-II DAM RAFLESHWAR MORBI RAJKOT,CPCB,24,Gujarat,457,Rajkot,MORVI,-,-,-,-,-,-,-,-,22.76251700,70.86483700,04-01-2021 08:30,443,"","","","",""
325,MACHHU-II DAM RAFLESHWAR MORBI RAJKOT,CPCB,24,Gujarat,457,Rajkot,MORVI,-,-,-,-,-,-,-,-,22.76251700,70.86483700,04-02-2021 08:30,299,"","","","",""
326,MACHHU-II DAM RAFLESHWAR MORBI RAJKOT,CPCB,24,Gujarat,457,Rajkot,MORVI,-,-,-,-,-,-,-,-,22.76251700,70.86483700,03-03-2021 08:30,725,"","","","",""
327,MACHHU-II DAM RAFLESHWAR MORBI RAJKOT,CPCB,24,Gujarat,457,Rajkot,MORVI,-,-,-,-,-,-,-,-,22.76251700,70.86483700,02-04-2021 08:30,839,"","","","",""
328,MACHHU-II DAM RAFLESHWAR MORBI RAJKOT,CPCB,24,Gujarat,457,Rajkot,MORVI,-,-,-,-,-,-,-,-,22.76251700,70.86483700,03-05-2021 08:30,446,"","","","",""
329,MACHHU-II DAM RAFLESHWAR MORBI RAJKOT,CPCB,24,Gujarat,457,Rajkot,MORVI,-,-,-,-,-,-,-,-,22.76251700,70.86483700,02-06-2021 08:30,512,"","","","",""
330,MACHHU-II DAM RAFLESHWAR MORBI RAJKOT,CPCB,24,Gujarat,457,Rajkot,MORVI,-,-,-,-,-,-,-,-,22.76251700,70.86483700,07-07-2021 08:30,660,"","","","",""
331,MACHHU-II DAM RAFLESHWAR MORBI RAJKOT,CPCB,24,Gujarat,457,Rajkot,MORVI,-,-,-,-,-,-,-,-,22.76251700,70.86483700,06-08-2021 08:30,620,"","","","",""
332,MACHHU-II DAM RAFLESHWAR MORBI RAJKOT,CPCB,24,Gujarat,457,Rajkot,MORVI,-,-,-,-,-,-,-,-,22.76251700,70.86483700,04-09-2021 08:30,673,"","","","",""
333,MACHHU-II DAM RAFLESHWAR MORBI RAJKOT,CPCB,24,Gujarat,457,Rajkot,MORVI,-,-,-,-,-,-,-,-,22.76251700,70.86483700,05-10-2021 08:30,740,"","","","",""
334,MACHHU-II DAM RAFLESHWAR MORBI RAJKOT,CPCB,24,Gujarat,457,Rajkot,MORVI,-,-,-,-,-,-,-,-,22.76251700,70.86483700,01-11-2021 08:30,804,"","","","",""
335,MACHHU-II DAM RAFLESHWAR MORBI RAJKOT,CPCB,24,Gujarat,457,Rajkot,MORVI,-,-,-,-,-,-,-,-,22.76251700,70.86483700,02-12-2021 08:30,1012,"","","","",""
336,MAHI AT MUJPUR,CPCB,24,Gujarat,440,Anand,ANKLAV,-,-,-,-,-,-,-,-,22.25474400,72.98261800,02-01-2021 08:30,"","","","","",""
337,MAHI AT MUJPUR,CPCB,24,Gujarat,440,Anand,ANKLAV,-,-,-,-,-,-,-,-,22.25474400,72.98261800,03-02-2021 08:30,"","","","","",""
338,MAHI AT MUJPUR,CPCB,24,Gujarat,440,Anand,ANKLAV,-,-,-,-,-,-,-,-,22.25474400,72.98261800,04-03-2021 08:30,"","","","","",""
339,MAHI AT SEVALIA,CPCB,24,Gujarat,450,Kheda,THASRA,-,-,-,-,-,-,-,-,22.81225000,73.35977800,04-01-2021 08:30,"","","","","",""
340,MAHI AT SEVALIA,CPCB,24,Gujarat,450,Kheda,THASRA,-,-,-,-,-,-,-,-,22.81225000,73.35977800,01-02-2021 08:30,"","","","","",""
341,MAHI AT SEVALIA,CPCB,24,Gujarat,450,Kheda,THASRA,-,-,-,-,-,-,-,-,22.81225000,73.35977800,02-03-2021 08:30,"","","","","",""
342,MAHI AT SHERKHI BRIDGE,CPCB,24,Gujarat,440,Anand,ANKLAV,-,-,-,-,-,-,-,-,22.34233900,73.05418500,02-01-2021 08:30,"","","","","",""
343,MAHI AT SHERKHI BRIDGE,CPCB,24,Gujarat,440,Anand,ANKLAV,-,-,-,-,-,-,-,-,22.34233900,73.05418500,03-02-2021 08:30,"","","","","",""
344,MAHI AT SHERKHI BRIDGE,CPCB,24,Gujarat,440,Anand,ANKLAV,-,-,-,-,-,-,-,-,22.34233900,73.05418500,03-03-2021 08:30,"","","","","",""
345,MAHI AT UMETA BRIDGE,CPCB,24,Gujarat,440,Anand,ANKLAV,-,-,-,-,-,-,-,-,22.34229800,73.05257500,02-01-2021 08:30,"","","","","",""
346,MAHI AT UMETA BRIDGE,CPCB,24,Gujarat,440,Anand,ANKLAV,-,-,-,-,-,-,-,-,22.34229800,73.05257500,01-02-2021 08:30,"","","","","",""
347,MAHI AT UMETA BRIDGE,CPCB,24,Gujarat,440,Anand,ANKLAV,-,-,-,-,-,-,-,-,22.34229800,73.05257500,03-03-2021 08:30,"","","","","",""
348,MAHI AT VASAD,CPCB,24,Gujarat,440,Anand,ANAND,-,-,-,-,-,-,-,-,22.44050000,73.07336100,02-01-2021 08:30,"","","","","",""
349,MAHI AT VASAD,CPCB,24,Gujarat,440,Anand,ANAND,-,-,-,-,-,-,-,-,22.44050000,73.07336100,01-02-2021 08:30,"","","","","",""
350,MAHI AT VASAD,CPCB,24,Gujarat,440,Anand,ANAND,-,-,-,-,-,-,-,-,22.44050000,73.07336100,03-03-2021 08:30,"","","","","",""
351,MALAV TALAV DHOLKA,CPCB,24,Gujarat,438,Ahmedabad,DHOLKA,-,-,-,-,-,-,-,-,22.72682200,72.43523900,01-01-2021 08:30,2669,"","","","",""
352,MALAV TALAV DHOLKA,CPCB,24,Gujarat,438,Ahmedabad,DHOLKA,-,-,-,-,-,-,-,-,22.72682200,72.43523900,02-02-2021 08:30,2769,"","","","",""
353,MALAV TALAV DHOLKA,CPCB,24,Gujarat,438,Ahmedabad,DHOLKA,-,-,-,-,-,-,-,-,22.72682200,72.43523900,01-03-2021 08:30,2987,"","","","",""
354,MALAV TALAV DHOLKA,CPCB,24,Gujarat,438,Ahmedabad,DHOLKA,-,-,-,-,-,-,-,-,22.72682200,72.43523900,01-04-2021 08:30,3551,"","","","",""
355,MALAV TALAV DHOLKA,CPCB,24,Gujarat,438,Ahmedabad,DHOLKA,-,-,-,-,-,-,-,-,22.72682200,72.43523900,04-05-2021 08:30,3850,"","","","",""
356,MALAV TALAV DHOLKA,CPCB,24,Gujarat,438,Ahmedabad,DHOLKA,-,-,-,-,-,-,-,-,22.72682200,72.43523900,01-06-2021 08:30,3652,"","","","",""
357,MALAV TALAV DHOLKA,CPCB,24,Gujarat,438,Ahmedabad,DHOLKA,-,-,-,-,-,-,-,-,22.72682200,72.43523900,01-07-2021 08:30,3593,"","","","",""
358,MALAV TALAV DHOLKA,CPCB,24,Gujarat,438,Ahmedabad,DHOLKA,-,-,-,-,-,-,-,-,22.72682200,72.43523900,05-08-2021 08:30,3440,"","","","",""
359,MALAV TALAV DHOLKA,CPCB,24,Gujarat,438,Ahmedabad,DHOLKA,-,-,-,-,-,-,-,-,22.72682200,72.43523900,02-09-2021 08:30,3220,"","","","",""
360,MALAV TALAV DHOLKA,CPCB,24,Gujarat,438,Ahmedabad,DHOLKA,-,-,-,-,-,-,-,-,22.72682200,72.43523900,01-10-2021 08:30,3225,"","","","",""
361,MALAV TALAV DHOLKA,CPCB,24,Gujarat,438,Ahmedabad,DHOLKA,-,-,-,-,-,-,-,-,22.72682200,72.43523900,01-11-2021 08:30,3460,"","","","",""
362,MALAV TALAV DHOLKA,CPCB,24,Gujarat,438,Ahmedabad,DHOLKA,-,-,-,-,-,-,-,-,22.72682200,72.43523900,03-12-2021 08:30,3431,"","","","",""
363,MASMA KHADI- OLPAD- SARAS ROAD,CPCB,24,Gujarat,459,Surat,OLPAD,-,-,-,-,-,-,-,-,21.29633300,72.76003300,05-01-2021 08:30,"",Clear,None,"","",""
364,MASMA KHADI- OLPAD- SARAS ROAD,CPCB,24,Gujarat,459,Surat,OLPAD,-,-,-,-,-,-,-,-,21.29633300,72.76003300,02-02-2021 08:30,"",Clear,None,"","",""
365,MASMA KHADI- OLPAD- SARAS ROAD,CPCB,24,Gujarat,459,Surat,OLPAD,-,-,-,-,-,-,-,-,21.29633300,72.76003300,02-03-2021 08:30,"",Clear,None,"","",""
366,MASMA KHADI- OLPAD- SARAS ROAD,CPCB,24,Gujarat,459,Surat,OLPAD,-,-,-,-,-,-,-,-,21.29633300,72.76003300,01-04-2021 08:30,"",Clear,None,"","",""
367,MASMA KHADI- OLPAD- SARAS ROAD,CPCB,24,Gujarat,459,Surat,OLPAD,-,-,-,-,-,-,-,-,21.29633300,72.76003300,04-05-2021 08:30,"",Clear,None,"","",""
368,MASMA KHADI- OLPAD- SARAS ROAD,CPCB,24,Gujarat,459,Surat,OLPAD,-,-,-,-,-,-,-,-,21.29633300,72.76003300,02-06-2021 08:30,"",Other,None,"","",""
369,MASMA KHADI- OLPAD- SARAS ROAD,CPCB,24,Gujarat,459,Surat,OLPAD,-,-,-,-,-,-,-,-,21.29633300,72.76003300,02-07-2021 08:30,"",Clear,None,"","",""
370,MASMA KHADI- OLPAD- SARAS ROAD,CPCB,24,Gujarat,459,Surat,OLPAD,-,-,-,-,-,-,-,-,21.29633300,72.76003300,02-08-2021 08:30,"",Clear,None,"","",""
371,MASMA KHADI- OLPAD- SARAS ROAD,CPCB,24,Gujarat,459,Surat,OLPAD,-,-,-,-,-,-,-,-,21.29633300,72.76003300,02-09-2021 08:30,"",Clear,None,"","",""
372,MASMA KHADI- OLPAD- SARAS ROAD,CPCB,24,Gujarat,459,Surat,OLPAD,-,-,-,-,-,-,-,-,21.29633300,72.76003300,01-10-2021 08:30,"",Other,None,"","",""
373,MASMA KHADI- OLPAD- SARAS ROAD,CPCB,24,Gujarat,459,Surat,OLPAD,-,-,-,-,-,-,-,-,21.29633300,72.76003300,01-11-2021 08:30,"",Clear,None,"","",""
374,MASMA KHADI- OLPAD- SARAS ROAD,CPCB,24,Gujarat,459,Surat,OLPAD,-,-,-,-,-,-,-,-,21.29633300,72.76003300,02-12-2021 08:30,"",Clear,None,"","",""
375,MESHWA NEAR RAJASTHAN BORDER AT SAMLAJI,CPCB,24,Gujarat,458,Sabarkantha,BAYAD,-,-,-,-,-,-,-,-,23.68197500,73.39195600,02-01-2021 08:30,"","","","","",""
376,MESHWA NEAR RAJASTHAN BORDER AT SAMLAJI,CPCB,24,Gujarat,458,Sabarkantha,BAYAD,-,-,-,-,-,-,-,-,23.68197500,73.39195600,01-02-2021 08:30,"","","","","",""
377,MESHWA NEAR RAJASTHAN BORDER AT SAMLAJI,CPCB,24,Gujarat,458,Sabarkantha,BAYAD,-,-,-,-,-,-,-,-,23.68197500,73.39195600,02-03-2021 08:30,"","","","","",""
378,MINDHOLA AT STATE HIGHWAY BRIDGE SACHIN,CPCB,24,Gujarat,459,Surat,BARDOLI,-,-,-,-,-,-,-,-,21.11154900,73.11160100,02-01-2021 08:30,"","","","","",""
379,MINDHOLA AT STATE HIGHWAY BRIDGE SACHIN,CPCB,24,Gujarat,459,Surat,BARDOLI,-,-,-,-,-,-,-,-,21.11154900,73.11160100,03-02-2021 08:30,"","","","","",""
380,MINDHOLA AT STATE HIGHWAY BRIDGE SACHIN,CPCB,24,Gujarat,459,Surat,BARDOLI,-,-,-,-,-,-,-,-,21.11154900,73.11160100,01-03-2021 08:30,"","","","","",""
381,MOONSAR LAKE OF VIRAMGAM,CPCB,24,Gujarat,438,Ahmedabad,VIRAMGAM,-,-,-,-,-,-,-,-,23.12140800,72.04102200,02-01-2021 08:30,3472,"","","","",""
382,MOONSAR LAKE OF VIRAMGAM,CPCB,24,Gujarat,438,Ahmedabad,VIRAMGAM,-,-,-,-,-,-,-,-,23.12140800,72.04102200,03-02-2021 08:30,3790,"","","","",""
383,MOONSAR LAKE OF VIRAMGAM,CPCB,24,Gujarat,438,Ahmedabad,VIRAMGAM,-,-,-,-,-,-,-,-,23.12140800,72.04102200,02-03-2021 08:30,4281,"","","","",""
384,MOONSAR LAKE OF VIRAMGAM,CPCB,24,Gujarat,438,Ahmedabad,VIRAMGAM,-,-,-,-,-,-,-,-,23.12140800,72.04102200,08-04-2021 08:30,4180,"","","","",""
385,MOONSAR LAKE OF VIRAMGAM,CPCB,24,Gujarat,438,Ahmedabad,VIRAMGAM,-,-,-,-,-,-,-,-,23.12140800,72.04102200,04-05-2021 08:30,5459,"","","","",""
386,MOONSAR LAKE OF VIRAMGAM,CPCB,24,Gujarat,438,Ahmedabad,VIRAMGAM,-,-,-,-,-,-,-,-,23.12140800,72.04102200,01-06-2021 08:30,5729,"","","","",""
387,MOONSAR LAKE OF VIRAMGAM,CPCB,24,Gujarat,438,Ahmedabad,VIRAMGAM,-,-,-,-,-,-,-,-,23.12140800,72.04102200,01-07-2021 08:30,5520,"","","","",""
388,MOONSAR LAKE OF VIRAMGAM,CPCB,24,Gujarat,438,Ahmedabad,VIRAMGAM,-,-,-,-,-,-,-,-,23.12140800,72.04102200,04-08-2021 08:30,5650,"","","","",""
389,MOONSAR LAKE OF VIRAMGAM,CPCB,24,Gujarat,438,Ahmedabad,VIRAMGAM,-,-,-,-,-,-,-,-,23.12140800,72.04102200,03-09-2021 08:30,6138,"","","","",""
390,MOONSAR LAKE OF VIRAMGAM,CPCB,24,Gujarat,438,Ahmedabad,VIRAMGAM,-,-,-,-,-,-,-,-,23.12140800,72.04102200,05-10-2021 08:30,2902,"","","","",""
391,MOONSAR LAKE OF VIRAMGAM,CPCB,24,Gujarat,438,Ahmedabad,VIRAMGAM,-,-,-,-,-,-,-,-,23.12140800,72.04102200,01-11-2021 08:30,1838,"","","","",""
392,MOONSAR LAKE OF VIRAMGAM,CPCB,24,Gujarat,438,Ahmedabad,VIRAMGAM,-,-,-,-,-,-,-,-,23.12140800,72.04102200,03-12-2021 08:30,5692,"","","","",""
393,MORA-HAJIRA (INDUSTRIAL) HAJIRA,CPCB,24,Gujarat,459,Surat,CHORASI,-,-,-,-,-,-,-,-,21.16997400,72.67390500,03-04-2021 08:30,1168,Clear,"","","",""
394,MORA-HAJIRA (INDUSTRIAL) HAJIRA,CPCB,24,Gujarat,459,Surat,CHORASI,-,-,-,-,-,-,-,-,21.16997400,72.67390500,06-10-2021 08:30,1439,Clear,"","","",""
395,MOTICHER LAKE NEAR KAKARPAR ATOMIC POWER STATION DIST. SURAT.,CPCB,24,Gujarat,459,Surat,Mandvi,-,-,-,-,-,-,-,-,21.24481900,73.35550500,02-01-2021 08:30,393,"","","","",""
396,MOTICHER LAKE NEAR KAKARPAR ATOMIC POWER STATION DIST. SURAT.,CPCB,24,Gujarat,459,Surat,Mandvi,-,-,-,-,-,-,-,-,21.24481900,73.35550500,03-02-2021 08:30,383,"","","","",""
397,MOTICHER LAKE NEAR KAKARPAR ATOMIC POWER STATION DIST. SURAT.,CPCB,24,Gujarat,459,Surat,Mandvi,-,-,-,-,-,-,-,-,21.24481900,73.35550500,01-03-2021 08:30,395,"","","","",""
398,MOTICHER LAKE NEAR KAKARPAR ATOMIC POWER STATION DIST. SURAT.,CPCB,24,Gujarat,459,Surat,Mandvi,-,-,-,-,-,-,-,-,21.24481900,73.35550500,01-04-2021 08:30,514,"","","","",""
399,MOTICHER LAKE NEAR KAKARPAR ATOMIC POWER STATION DIST. SURAT.,CPCB,24,Gujarat,459,Surat,Mandvi,-,-,-,-,-,-,-,-,21.24481900,73.35550500,03-05-2021 08:30,507,"","","","",""
400,MOTICHER LAKE NEAR KAKARPAR ATOMIC POWER STATION DIST. SURAT.,CPCB,24,Gujarat,459,Surat,Mandvi,-,-,-,-,-,-,-,-,21.24481900,73.35550500,01-06-2021 08:30,505,"","","","",""
401,MOTICHER LAKE NEAR KAKARPAR ATOMIC POWER STATION DIST. SURAT.,CPCB,24,Gujarat,459,Surat,Mandvi,-,-,-,-,-,-,-,-,21.24481900,73.35550500,06-07-2021 08:30,469,"","","","",""
402,MOTICHER LAKE NEAR KAKARPAR ATOMIC POWER STATION DIST. SURAT.,CPCB,24,Gujarat,459,Surat,Mandvi,-,-,-,-,-,-,-,-,21.24481900,73.35550500,04-08-2021 08:30,510,"","","","",""
403,MOTICHER LAKE NEAR KAKARPAR ATOMIC POWER STATION DIST. SURAT.,CPCB,24,Gujarat,459,Surat,Mandvi,-,-,-,-,-,-,-,-,21.24481900,73.35550500,01-09-2021 08:30,481,"","","","",""
404,MOTICHER LAKE NEAR KAKARPAR ATOMIC POWER STATION DIST. SURAT.,CPCB,24,Gujarat,459,Surat,Mandvi,-,-,-,-,-,-,-,-,21.24481900,73.35550500,04-10-2021 08:30,486,"","","","",""
405,MOTICHER LAKE NEAR KAKARPAR ATOMIC POWER STATION DIST. SURAT.,CPCB,24,Gujarat,459,Surat,Mandvi,-,-,-,-,-,-,-,-,21.24481900,73.35550500,10-11-2021 08:30,773,"","","","",""
406,MOTICHER LAKE NEAR KAKARPAR ATOMIC POWER STATION DIST. SURAT.,CPCB,24,Gujarat,459,Surat,Mandvi,-,-,-,-,-,-,-,-,21.24481900,73.35550500,01-12-2021 08:30,404,"","","","",""
407,NALSAROVAR LAKE (SANAND) DIST.AHMEDABAD,CPCB,24,Gujarat,438,Ahmedabad,VIRAMGAM,-,-,-,-,-,-,-,-,22.79968100,72.03942200,02-01-2021 08:30,2828,"","","","",""
408,NALSAROVAR LAKE (SANAND) DIST.AHMEDABAD,CPCB,24,Gujarat,438,Ahmedabad,VIRAMGAM,-,-,-,-,-,-,-,-,22.79968100,72.03942200,03-02-2021 08:30,4240,"","","","",""
409,NALSAROVAR LAKE (SANAND) DIST.AHMEDABAD,CPCB,24,Gujarat,438,Ahmedabad,VIRAMGAM,-,-,-,-,-,-,-,-,22.79968100,72.03942200,02-03-2021 08:30,4853,"","","","",""
410,NALSAROVAR LAKE (SANAND) DIST.AHMEDABAD,CPCB,24,Gujarat,438,Ahmedabad,VIRAMGAM,-,-,-,-,-,-,-,-,22.79968100,72.03942200,08-04-2021 08:30,4341,"","","","",""
411,NALSAROVAR LAKE (SANAND) DIST.AHMEDABAD,CPCB,24,Gujarat,438,Ahmedabad,VIRAMGAM,-,-,-,-,-,-,-,-,22.79968100,72.03942200,04-05-2021 08:30,10410,"","","","",""
412,NALSAROVAR LAKE (SANAND) DIST.AHMEDABAD,CPCB,24,Gujarat,438,Ahmedabad,VIRAMGAM,-,-,-,-,-,-,-,-,22.79968100,72.03942200,01-06-2021 08:30,11480,"","","","",""
413,NALSAROVAR LAKE (SANAND) DIST.AHMEDABAD,CPCB,24,Gujarat,438,Ahmedabad,VIRAMGAM,-,-,-,-,-,-,-,-,22.79968100,72.03942200,01-07-2021 08:30,8725,"","","","",""
414,NALSAROVAR LAKE (SANAND) DIST.AHMEDABAD,CPCB,24,Gujarat,438,Ahmedabad,VIRAMGAM,-,-,-,-,-,-,-,-,22.79968100,72.03942200,06-08-2021 08:30,10510,"","","","",""
415,NALSAROVAR LAKE (SANAND) DIST.AHMEDABAD,CPCB,24,Gujarat,438,Ahmedabad,VIRAMGAM,-,-,-,-,-,-,-,-,22.79968100,72.03942200,02-09-2021 08:30,11190,"","","","",""
416,NALSAROVAR LAKE (SANAND) DIST.AHMEDABAD,CPCB,24,Gujarat,438,Ahmedabad,VIRAMGAM,-,-,-,-,-,-,-,-,22.79968100,72.03942200,01-10-2021 08:30,1290,"","","","",""
417,NALSAROVAR LAKE (SANAND) DIST.AHMEDABAD,CPCB,24,Gujarat,438,Ahmedabad,VIRAMGAM,-,-,-,-,-,-,-,-,22.79968100,72.03942200,01-11-2021 08:30,3885,"","","","",""
418,NALSAROVAR LAKE (SANAND) DIST.AHMEDABAD,CPCB,24,Gujarat,438,Ahmedabad,VIRAMGAM,-,-,-,-,-,-,-,-,22.79968100,72.03942200,03-12-2021 08:30,4390,"","","","",""
419,NARMADA AT BHARUCH ZADESHVAR,CPCB,24,Gujarat,442,Bharuch,ANKLESVAR,-,-,-,-,-,-,-,-,21.66590600,72.91668100,02-01-2021 08:30,"","","","","",""
420,NARMADA AT BHARUCH ZADESHVAR,CPCB,24,Gujarat,442,Bharuch,ANKLESVAR,-,-,-,-,-,-,-,-,21.66590600,72.91668100,01-02-2021 08:30,"","","","","",""
421,NARMADA AT BHARUCH ZADESHVAR,CPCB,24,Gujarat,442,Bharuch,ANKLESVAR,-,-,-,-,-,-,-,-,21.66590600,72.91668100,03-03-2021 08:30,"","","","","",""
422,NARMADA AT CHANDOD,CPCB,24,Gujarat,461,Vadodara,DABHOI,-,-,-,-,-,-,-,-,21.98372200,73.45633100,04-01-2021 08:30,"","","","","",""
423,NARMADA AT CHANDOD,CPCB,24,Gujarat,461,Vadodara,DABHOI,-,-,-,-,-,-,-,-,21.98372200,73.45633100,02-02-2021 08:30,"","","","","",""
424,NARMADA AT CHANDOD,CPCB,24,Gujarat,461,Vadodara,DABHOI,-,-,-,-,-,-,-,-,21.98372200,73.45633100,03-03-2021 08:30,"","","","","",""
425,NARMADA AT GARUDESHWAR,CPCB,24,Gujarat,452,Narmada,NANDOD,-,-,-,-,-,-,-,-,21.88783300,73.64544400,05-01-2021 08:30,"","","","","",""
426,NARMADA AT GARUDESHWAR,CPCB,24,Gujarat,452,Narmada,NANDOD,-,-,-,-,-,-,-,-,21.88783300,73.64544400,10-02-2021 08:30,"","","","","",""
427,NARMADA AT GARUDESHWAR,CPCB,24,Gujarat,452,Narmada,NANDOD,-,-,-,-,-,-,-,-,21.88783300,73.64544400,09-03-2021 08:30,"","","","","",""
428,NARMADA AT GORA BRIDGE NAVAGAM (GUJARAT),CPCB,24,Gujarat,452,Narmada,NANDOD,-,-,-,-,-,-,-,-,21.86214700,73.69399100,19-01-2021 08:30,"","","","","",""
429,NARMADA AT PANETHA,CPCB,24,Gujarat,452,Narmada,TILAKWADA,-,-,-,-,-,-,-,-,21.95060800,73.58469700,05-01-2021 08:30,"","","","","",""
430,NARMADA AT PANETHA,CPCB,24,Gujarat,452,Narmada,TILAKWADA,-,-,-,-,-,-,-,-,21.95060800,73.58469700,10-02-2021 08:30,"","","","","",""
431,NARMADA AT PANETHA,CPCB,24,Gujarat,452,Narmada,TILAKWADA,-,-,-,-,-,-,-,-,21.95060800,73.58469700,09-03-2021 08:30,"","","","","",""
432,NARMADA AT ZANOR (NTPC) BHARUCH,CPCB,24,Gujarat,442,Bharuch,BHARUCH,-,-,-,-,-,-,-,-,21.71499700,73.04289100,02-01-2021 08:30,"","","","","",""
433,NARMADA AT ZANOR (NTPC) BHARUCH,CPCB,24,Gujarat,442,Bharuch,BHARUCH,-,-,-,-,-,-,-,-,21.71499700,73.04289100,01-02-2021 08:30,"","","","","",""
434,NARMADA AT ZANOR (NTPC) BHARUCH,CPCB,24,Gujarat,442,Bharuch,BHARUCH,-,-,-,-,-,-,-,-,21.71499700,73.04289100,03-03-2021 08:30,"","","","","",""
435,NARMADA MAIN CANAL NR. VILLAGE. LIMBADIA DIST. GANDHINAGAR.,CPCB,24,Gujarat,446,Gandhinagar,GANDHINAGAR,-,-,-,-,-,-,-,-,23.13493600,72.61152500,02-01-2021 08:30,240,"","","","",""
436,NARMADA MAIN CANAL NR. VILLAGE. LIMBADIA DIST. GANDHINAGAR.,CPCB,24,Gujarat,446,Gandhinagar,GANDHINAGAR,-,-,-,-,-,-,-,-,23.13493600,72.61152500,01-02-2021 08:30,248,"","","","",""
437,NARMADA MAIN CANAL NR. VILLAGE. LIMBADIA DIST. GANDHINAGAR.,CPCB,24,Gujarat,446,Gandhinagar,GANDHINAGAR,-,-,-,-,-,-,-,-,23.13493600,72.61152500,01-03-2021 08:30,"","","","","",""
438,NARMADA MAIN CANAL NR. VILLAGE. LIMBADIA DIST. GANDHINAGAR.,CPCB,24,Gujarat,446,Gandhinagar,GANDHINAGAR,-,-,-,-,-,-,-,-,23.13493600,72.61152500,05-04-2021 08:30,294,"","","","",""
439,NARMADA MAIN CANAL NR. VILLAGE. LIMBADIA DIST. GANDHINAGAR.,CPCB,24,Gujarat,446,Gandhinagar,GANDHINAGAR,-,-,-,-,-,-,-,-,23.13493600,72.61152500,03-05-2021 08:30,308,"","","","",""
440,NARMADA MAIN CANAL NR. VILLAGE. LIMBADIA DIST. GANDHINAGAR.,CPCB,24,Gujarat,446,Gandhinagar,GANDHINAGAR,-,-,-,-,-,-,-,-,23.13493600,72.61152500,01-06-2021 08:30,311,"","","","",""
441,NARMADA MAIN CANAL NR. VILLAGE. LIMBADIA DIST. GANDHINAGAR.,CPCB,24,Gujarat,446,Gandhinagar,GANDHINAGAR,-,-,-,-,-,-,-,-,23.13493600,72.61152500,01-07-2021 08:30,322,"","","","",""
442,NARMADA MAIN CANAL NR. VILLAGE. LIMBADIA DIST. GANDHINAGAR.,CPCB,24,Gujarat,446,Gandhinagar,GANDHINAGAR,-,-,-,-,-,-,-,-,23.13493600,72.61152500,07-08-2021 08:30,285,"","","","",""
443,NARMADA MAIN CANAL NR. VILLAGE. LIMBADIA DIST. GANDHINAGAR.,CPCB,24,Gujarat,446,Gandhinagar,GANDHINAGAR,-,-,-,-,-,-,-,-,23.13493600,72.61152500,02-09-2021 08:30,290,"","","","",""
444,NARMADA MAIN CANAL NR. VILLAGE. LIMBADIA DIST. GANDHINAGAR.,CPCB,24,Gujarat,446,Gandhinagar,GANDHINAGAR,-,-,-,-,-,-,-,-,23.13493600,72.61152500,05-10-2021 08:30,285,"","","","",""
445,NARSIMEHTA TALAV- JUNAGADH,CPCB,24,Gujarat,448,Junagadh,JUNAGADH,-,-,-,-,-,-,-,-,21.51885800,70.45479400,01-01-2021 08:30,624,"","","","",""
446,NARSIMEHTA TALAV- JUNAGADH,CPCB,24,Gujarat,448,Junagadh,JUNAGADH,-,-,-,-,-,-,-,-,21.51885800,70.45479400,03-02-2021 08:30,920,"","","","",""
447,NARSIMEHTA TALAV- JUNAGADH,CPCB,24,Gujarat,448,Junagadh,JUNAGADH,-,-,-,-,-,-,-,-,21.51885800,70.45479400,04-03-2021 08:30,939,"","","","",""
448,NARSIMEHTA TALAV- JUNAGADH,CPCB,24,Gujarat,448,Junagadh,JUNAGADH,-,-,-,-,-,-,-,-,21.51885800,70.45479400,08-04-2021 08:30,815,"","","","",""
449,NARSIMEHTA TALAV- JUNAGADH,CPCB,24,Gujarat,448,Junagadh,JUNAGADH,-,-,-,-,-,-,-,-,21.51885800,70.45479400,04-05-2021 08:30,656,"","","","",""
450,NARSIMEHTA TALAV- JUNAGADH,CPCB,24,Gujarat,448,Junagadh,JUNAGADH,-,-,-,-,-,-,-,-,21.51885800,70.45479400,01-06-2021 08:30,744,"","","","",""
451,NARSIMEHTA TALAV- JUNAGADH,CPCB,24,Gujarat,448,Junagadh,JUNAGADH,-,-,-,-,-,-,-,-,21.51885800,70.45479400,06-07-2021 08:30,1020,"","","","",""
452,NARSIMEHTA TALAV- JUNAGADH,CPCB,24,Gujarat,448,Junagadh,JUNAGADH,-,-,-,-,-,-,-,-,21.51885800,70.45479400,02-08-2021 08:30,928,"","","","",""
453,NARSIMEHTA TALAV- JUNAGADH,CPCB,24,Gujarat,448,Junagadh,JUNAGADH,-,-,-,-,-,-,-,-,21.51885800,70.45479400,07-09-2021 08:30,995,"","","","",""
454,NARSIMEHTA TALAV- JUNAGADH,CPCB,24,Gujarat,448,Junagadh,JUNAGADH,-,-,-,-,-,-,-,-,21.51885800,70.45479400,01-10-2021 08:30,314,"","","","",""
455,NARSIMEHTA TALAV- JUNAGADH,CPCB,24,Gujarat,448,Junagadh,JUNAGADH,-,-,-,-,-,-,-,-,21.51885800,70.45479400,01-11-2021 08:30,480,"","","","",""
456,NARSIMEHTA TALAV- JUNAGADH,CPCB,24,Gujarat,448,Junagadh,JUNAGADH,-,-,-,-,-,-,-,-,21.51885800,70.45479400,02-12-2021 08:30,788,"","","","",""
457,OLPAD VILLAGE POND:OLPAD SURAT,CPCB,24,Gujarat,459,Surat,OLPAD,-,-,-,-,-,-,-,-,21.33757400,72.75380900,05-01-2021 08:30,680,"","","","",""
458,OLPAD VILLAGE POND:OLPAD SURAT,CPCB,24,Gujarat,459,Surat,OLPAD,-,-,-,-,-,-,-,-,21.33757400,72.75380900,02-02-2021 08:30,766,"","","","",""
459,OLPAD VILLAGE POND:OLPAD SURAT,CPCB,24,Gujarat,459,Surat,OLPAD,-,-,-,-,-,-,-,-,21.33757400,72.75380900,02-03-2021 08:30,769,"","","","",""
460,OLPAD VILLAGE POND:OLPAD SURAT,CPCB,24,Gujarat,459,Surat,OLPAD,-,-,-,-,-,-,-,-,21.33757400,72.75380900,01-04-2021 08:30,939,"","","","",""
461,OLPAD VILLAGE POND:OLPAD SURAT,CPCB,24,Gujarat,459,Surat,OLPAD,-,-,-,-,-,-,-,-,21.33757400,72.75380900,04-05-2021 08:30,1038,"","","","",""
462,OLPAD VILLAGE POND:OLPAD SURAT,CPCB,24,Gujarat,459,Surat,OLPAD,-,-,-,-,-,-,-,-,21.33757400,72.75380900,02-06-2021 08:30,640,"","","","",""
463,OLPAD VILLAGE POND:OLPAD SURAT,CPCB,24,Gujarat,459,Surat,OLPAD,-,-,-,-,-,-,-,-,21.33757400,72.75380900,02-07-2021 08:30,830,"","","","",""
464,OLPAD VILLAGE POND:OLPAD SURAT,CPCB,24,Gujarat,459,Surat,OLPAD,-,-,-,-,-,-,-,-,21.33757400,72.75380900,02-08-2021 08:30,813,"","","","",""
465,OLPAD VILLAGE POND:OLPAD SURAT,CPCB,24,Gujarat,459,Surat,OLPAD,-,-,-,-,-,-,-,-,21.33757400,72.75380900,02-09-2021 08:30,809,"","","","",""
466,OLPAD VILLAGE POND:OLPAD SURAT,CPCB,24,Gujarat,459,Surat,OLPAD,-,-,-,-,-,-,-,-,21.33757400,72.75380900,01-10-2021 08:30,413,"","","","",""
467,OLPAD VILLAGE POND:OLPAD SURAT,CPCB,24,Gujarat,459,Surat,OLPAD,-,-,-,-,-,-,-,-,21.33757400,72.75380900,01-11-2021 08:30,436,"","","","",""
468,OLPAD VILLAGE POND:OLPAD SURAT,CPCB,24,Gujarat,459,Surat,OLPAD,-,-,-,-,-,-,-,-,21.33757400,72.75380900,02-12-2021 08:30,456,"","","","",""
469,PANDESARA (INDSTRIAL) SURAT,CPCB,24,Gujarat,459,Surat,SURAT CITY,-,-,-,-,-,-,-,-,21.14066700,72.84272700,01-04-2021 08:30,3494,Clear,"","","",""
470,PANDESARA (INDSTRIAL) SURAT,CPCB,24,Gujarat,459,Surat,SURAT CITY,-,-,-,-,-,-,-,-,21.14066700,72.84272700,06-10-2021 08:30,2201,Clear,"","","",""
471,PATAN BOREWELL,CPCB,24,Gujarat,455,Patan,PATAN,-,-,-,-,-,-,-,-,23.84929200,72.12675300,03-04-2021 08:30,1719,Clear,"","","",""
472,PATAN BOREWELL,CPCB,24,Gujarat,455,Patan,PATAN,-,-,-,-,-,-,-,-,23.84929200,72.12675300,01-10-2021 08:30,1832,Clear,"","","",""
473,PURNA RIVER ON BRIDGE AT SURAT-NAVSARI HIGHWAY,CPCB,24,Gujarat,453,Navsari,NAVSARI,-,-,-,-,-,-,-,-,20.98046400,73.01675700,01-01-2021 08:30,"","","","","",""
474,PURNA RIVER ON BRIDGE AT SURAT-NAVSARI HIGHWAY,CPCB,24,Gujarat,453,Navsari,NAVSARI,-,-,-,-,-,-,-,-,20.98046400,73.01675700,04-02-2021 08:30,"","","","","",""
475,PURNA RIVER ON BRIDGE AT SURAT-NAVSARI HIGHWAY,CPCB,24,Gujarat,453,Navsari,NAVSARI,-,-,-,-,-,-,-,-,20.98046400,73.01675700,02-03-2021 08:30,"","","","","",""
476,RIVER MAHI AT DODKA,CPCB,24,Gujarat,461,Vadodara,VADODARA,-,-,-,-,-,-,-,-,22.46027800,73.09388900,01-01-2021 08:30,"","","","","",""
477,RIVER MAHI AT DODKA,CPCB,24,Gujarat,461,Vadodara,VADODARA,-,-,-,-,-,-,-,-,22.46027800,73.09388900,01-02-2021 08:30,"","","","","",""
478,RIVER MAHI AT DODKA,CPCB,24,Gujarat,461,Vadodara,VADODARA,-,-,-,-,-,-,-,-,22.46027800,73.09388900,01-03-2021 08:30,"","","","","",""
479,RIVER SABARMATI AT AHMEDABAD D/S,CPCB,24,Gujarat,438,Ahmedabad,DASKROI,-,-,-,-,-,-,-,-,22.91532600,72.51582800,04-01-2021 08:30,"","","","","",""
480,RIVER SABARMATI AT AHMEDABAD D/S,CPCB,24,Gujarat,438,Ahmedabad,DASKROI,-,-,-,-,-,-,-,-,22.91532600,72.51582800,03-02-2021 08:30,"","","","","",""
481,RIVER SABARMATI AT AHMEDABAD D/S,CPCB,24,Gujarat,438,Ahmedabad,DASKROI,-,-,-,-,-,-,-,-,22.91532600,72.51582800,03-03-2021 08:30,"","","","","",""
482,RIVER SABARMATI AT AHMEDABAD U/S,CPCB,24,Gujarat,446,Gandhinagar,GANDHINAGAR,-,-,-,-,-,-,-,-,23.15828600,72.67341300,01-01-2021 08:30,"","","","","",""
483,RIVER SABARMATI AT AHMEDABAD U/S,CPCB,24,Gujarat,446,Gandhinagar,GANDHINAGAR,-,-,-,-,-,-,-,-,23.15828600,72.67341300,02-02-2021 08:30,"","","","","",""
484,RIVER SABARMATI AT AHMEDABAD U/S,CPCB,24,Gujarat,446,Gandhinagar,GANDHINAGAR,-,-,-,-,-,-,-,-,23.15828600,72.67341300,01-03-2021 08:30,"","","","","",""
485,SABARMATI AFTER CONF. WITH MESHWA AT VAUTHA (NEAR DHOKLA),CPCB,24,Gujarat,438,Ahmedabad,DHOLKA,-,-,-,-,-,-,-,-,22.72154700,72.53010300,01-01-2021 08:30,"","","","","",""
486,SABARMATI AFTER CONF. WITH MESHWA AT VAUTHA (NEAR DHOKLA),CPCB,24,Gujarat,438,Ahmedabad,DHOLKA,-,-,-,-,-,-,-,-,22.72154700,72.53010300,02-02-2021 08:30,"","","","","",""
487,SABARMATI AFTER CONF. WITH MESHWA AT VAUTHA (NEAR DHOKLA),CPCB,24,Gujarat,438,Ahmedabad,DHOLKA,-,-,-,-,-,-,-,-,22.72154700,72.53010300,01-03-2021 08:30,"","","","","",""
488,SABARMATI AT AHMEDABAD AT V.N. BRIDGE,CPCB,24,Gujarat,438,Ahmedabad,AHMADABAD CITY,-,-,-,-,-,-,-,-,22.98261100,72.54313900,02-01-2021 08:30,"","","","","",""
489,SABARMATI AT AHMEDABAD AT V.N. BRIDGE,CPCB,24,Gujarat,438,Ahmedabad,AHMADABAD CITY,-,-,-,-,-,-,-,-,22.98261100,72.54313900,03-02-2021 08:30,"","","","","",""
490,SABARMATI AT AHMEDABAD AT V.N. BRIDGE,CPCB,24,Gujarat,438,Ahmedabad,AHMADABAD CITY,-,-,-,-,-,-,-,-,22.98261100,72.54313900,02-03-2021 08:30,"","","","","",""
491,SABARMATI AT DHAROI DAM,CPCB,24,Gujarat,451,Mahesana,SATLASANA,-,-,-,-,-,-,-,-,24.00452800,72.85327800,02-03-2021 08:30,"","","","","",""
492,SABARMATI AT KHEROJ BRIDGE,CPCB,24,Gujarat,441,Banaskantha,BHABHAR,-,-,-,-,-,-,-,-,24.22986000,73.00531700,02-01-2021 08:30,"","","","","",""
493,SABARMATI AT KHEROJ BRIDGE,CPCB,24,Gujarat,441,Banaskantha,BHABHAR,-,-,-,-,-,-,-,-,24.22986000,73.00531700,02-02-2021 08:30,"","","","","",""
494,SABARMATI AT KHEROJ BRIDGE,CPCB,24,Gujarat,441,Banaskantha,BHABHAR,-,-,-,-,-,-,-,-,24.22986000,73.00531700,01-03-2021 08:30,"","","","","",""
495,SABARMATI AT RAILWAY BRIDGE AHMEDABAD,CPCB,24,Gujarat,438,Ahmedabad,AHMADABAD CITY,-,-,-,-,-,-,-,-,23.06353000,72.58906400,01-01-2021 08:30,"","","","","",""
496,SABARMATI AT RAILWAY BRIDGE AHMEDABAD,CPCB,24,Gujarat,438,Ahmedabad,AHMADABAD CITY,-,-,-,-,-,-,-,-,23.06353000,72.58906400,02-02-2021 08:30,"","","","","",""
497,SABARMATI AT RAILWAY BRIDGE AHMEDABAD,CPCB,24,Gujarat,438,Ahmedabad,AHMADABAD CITY,-,-,-,-,-,-,-,-,23.06353000,72.58906400,01-03-2021 08:30,"","","","","",""
498,SABARMATI AT VILL. MIROLI TALUKA DASCROI AHMEDABAD,CPCB,24,Gujarat,438,Ahmedabad,AHMADABAD CITY,-,-,-,-,-,-,-,-,23.03131400,72.57511400,04-01-2021 08:30,"","","","","",""
499,SABARMATI AT VILL. MIROLI TALUKA DASCROI AHMEDABAD,CPCB,24,Gujarat,438,Ahmedabad,AHMADABAD CITY,-,-,-,-,-,-,-,-,23.03131400,72.57511400,03-02-2021 08:30,"","","","","",""
500,SABARMATI AT VILL. MIROLI TALUKA DASCROI AHMEDABAD,CPCB,24,Gujarat,438,Ahmedabad,AHMADABAD CITY,-,-,-,-,-,-,-,-,23.03131400,72.57511400,03-03-2021 08:30,"","","","","",""
501,SABARMATI RIVER AT HANSAOL BRIDGE,CPCB,24,Gujarat,446,Gandhinagar,GANDHINAGAR,-,-,-,-,-,-,-,-,23.09092600,72.62923900,01-01-2021 08:30,"","","","","",""
502,SABARMATI RIVER AT HANSAOL BRIDGE,CPCB,24,Gujarat,446,Gandhinagar,GANDHINAGAR,-,-,-,-,-,-,-,-,23.09092600,72.62923900,02-02-2021 08:30,"","","","","",""
503,SABARMATI RIVER AT HANSAOL BRIDGE,CPCB,24,Gujarat,446,Gandhinagar,GANDHINAGAR,-,-,-,-,-,-,-,-,23.09092600,72.62923900,01-03-2021 08:30,"","","","","",""
504,SAHASTRLING SAROVAR ? PATAN,CPCB,24,Gujarat,455,Patan,PATAN,-,-,-,-,-,-,-,-,23.86250500,72.09838700,01-07-2021 08:30,2160,"","","","",""
505,SARIGAM VILLAGE (D/S OF INDUSTRIALAREA) VAPI,CPCB,24,Gujarat,462,Valsad,UMBERGAON,-,-,-,-,-,-,-,-,20.28450700,72.85484300,03-04-2021 08:30,958,Clear,"","","",""
506,SARIGAM VILLAGE (D/S OF INDUSTRIALAREA) VAPI,CPCB,24,Gujarat,462,Valsad,UMBERGAON,-,-,-,-,-,-,-,-,20.28450700,72.85484300,04-10-2021 08:30,1025,Clear,"","","",""
507,SHEDHI AT KHEDA,CPCB,24,Gujarat,450,Kheda,MATAR,-,-,-,-,-,-,-,-,22.73932100,72.67905900,04-01-2021 08:30,"","","","","",""
508,SHEDHI AT KHEDA,CPCB,24,Gujarat,450,Kheda,MATAR,-,-,-,-,-,-,-,-,22.73932100,72.67905900,01-02-2021 08:30,"","","","","",""
509,SHEDHI AT KHEDA,CPCB,24,Gujarat,450,Kheda,MATAR,-,-,-,-,-,-,-,-,22.73932100,72.67905900,02-03-2021 08:30,"","","","","",""
510,SURSAGAR LAKE AT BARODA,CPCB,24,Gujarat,461,Vadodara,VADODARA,-,-,-,-,-,-,-,-,22.30039200,73.20507800,04-01-2021 08:30,941,"","","","",""
511,SURSAGAR LAKE AT BARODA,CPCB,24,Gujarat,461,Vadodara,VADODARA,-,-,-,-,-,-,-,-,22.30039200,73.20507800,02-02-2021 08:30,993,"","","","",""
512,SURSAGAR LAKE AT BARODA,CPCB,24,Gujarat,461,Vadodara,VADODARA,-,-,-,-,-,-,-,-,22.30039200,73.20507800,02-03-2021 08:30,896,"","","","",""
513,SURSAGAR LAKE AT BARODA,CPCB,24,Gujarat,461,Vadodara,VADODARA,-,-,-,-,-,-,-,-,22.30039200,73.20507800,01-04-2021 08:30,800,"","","","",""
514,SURSAGAR LAKE AT BARODA,CPCB,24,Gujarat,461,Vadodara,VADODARA,-,-,-,-,-,-,-,-,22.30039200,73.20507800,04-05-2021 08:30,1136,"","","","",""
515,SURSAGAR LAKE AT BARODA,CPCB,24,Gujarat,461,Vadodara,VADODARA,-,-,-,-,-,-,-,-,22.30039200,73.20507800,02-06-2021 08:30,999,"","","","",""
516,SURSAGAR LAKE AT BARODA,CPCB,24,Gujarat,461,Vadodara,VADODARA,-,-,-,-,-,-,-,-,22.30039200,73.20507800,02-07-2021 08:30,1082,"","","","",""
517,SURSAGAR LAKE AT BARODA,CPCB,24,Gujarat,461,Vadodara,VADODARA,-,-,-,-,-,-,-,-,22.30039200,73.20507800,03-08-2021 08:30,921,"","","","",""
518,SURSAGAR LAKE AT BARODA,CPCB,24,Gujarat,461,Vadodara,VADODARA,-,-,-,-,-,-,-,-,22.30039200,73.20507800,02-09-2021 08:30,1056,"","","","",""
519,SURSAGAR LAKE AT BARODA,CPCB,24,Gujarat,461,Vadodara,VADODARA,-,-,-,-,-,-,-,-,22.30039200,73.20507800,04-10-2021 08:30,882,"","","","",""
520,SURSAGAR LAKE AT BARODA,CPCB,24,Gujarat,461,Vadodara,VADODARA,-,-,-,-,-,-,-,-,22.30039200,73.20507800,01-11-2021 08:30,815,"","","","",""
521,SURSAGAR LAKE AT BARODA,CPCB,24,Gujarat,461,Vadodara,VADODARA,-,-,-,-,-,-,-,-,22.30039200,73.20507800,04-12-2021 08:30,823,"","","","",""
522,TAPI AT KATHORE (NH-8 BRIDGE),CPCB,24,Gujarat,459,Surat,KAMREJ,-,-,-,-,-,-,-,-,21.28407500,72.95223600,05-01-2021 08:30,"","","","","",""
523,TAPI AT KATHORE (NH-8 BRIDGE),CPCB,24,Gujarat,459,Surat,KAMREJ,-,-,-,-,-,-,-,-,21.28407500,72.95223600,02-02-2021 08:30,"","","","","",""
524,TAPI AT KATHORE (NH-8 BRIDGE),CPCB,24,Gujarat,459,Surat,KAMREJ,-,-,-,-,-,-,-,-,21.28407500,72.95223600,03-03-2021 08:30,"","","","","",""
525,TAPI AT MANDAVI,CPCB,24,Gujarat,459,Surat,Mandvi,-,-,-,-,-,-,-,-,21.24790800,73.30103300,02-01-2021 08:30,"","","","","",""
526,TAPI AT MANDAVI,CPCB,24,Gujarat,459,Surat,Mandvi,-,-,-,-,-,-,-,-,21.24790800,73.30103300,03-02-2021 08:30,"","","","","",""
527,TAPI AT MANDAVI,CPCB,24,Gujarat,459,Surat,Mandvi,-,-,-,-,-,-,-,-,21.24790800,73.30103300,01-03-2021 08:30,"","","","","",""
528,TAPI AT RANDER BRIDGE SURAT,CPCB,24,Gujarat,459,Surat,SURAT CITY,-,-,-,-,-,-,-,-,21.19454500,72.81155200,05-01-2021 08:30,"","","","","",""
529,TAPI AT RANDER BRIDGE SURAT,CPCB,24,Gujarat,459,Surat,SURAT CITY,-,-,-,-,-,-,-,-,21.19454500,72.81155200,02-02-2021 08:30,"","","","","",""
530,TAPI AT RANDER BRIDGE SURAT,CPCB,24,Gujarat,459,Surat,SURAT CITY,-,-,-,-,-,-,-,-,21.19454500,72.81155200,02-03-2021 08:30,"","","","","",""
531,TAPI AT SURAT U/S KATHORE,CPCB,24,Gujarat,459,Surat,KAMREJ,-,-,-,-,-,-,-,-,21.28550000,72.93548300,05-01-2021 08:30,"","","","","",""
532,TAPI AT SURAT U/S KATHORE,CPCB,24,Gujarat,459,Surat,KAMREJ,-,-,-,-,-,-,-,-,21.28550000,72.93548300,02-02-2021 08:30,"","","","","",""
533,TAPI AT SURAT U/S KATHORE,CPCB,24,Gujarat,459,Surat,KAMREJ,-,-,-,-,-,-,-,-,21.28550000,72.93548300,02-03-2021 08:30,"","","","","",""
534,TAPI AT UKAI SHERULA BRIDGE,CPCB,24,Gujarat,459,Surat,SONGADH,-,-,-,-,-,-,-,-,21.25984400,73.56578300,02-01-2021 08:30,"","","","","",""
535,TAPI AT UKAI SHERULA BRIDGE,CPCB,24,Gujarat,459,Surat,SONGADH,-,-,-,-,-,-,-,-,21.25984400,73.56578300,03-02-2021 08:30,"","","","","",""
536,TAPI AT UKAI SHERULA BRIDGE,CPCB,24,Gujarat,459,Surat,SONGADH,-,-,-,-,-,-,-,-,21.25984400,73.56578300,03-03-2021 08:30,"","","","","",""
537,TAPI CANAL AT VILLAGE UMARWADA NEAR GIDC ESTATE OF PANOLI.,CPCB,24,Gujarat,442,Bharuch,ANKLESVAR,-,-,-,-,-,-,-,-,21.58941900,72.97533300,01-01-2021 08:30,"","","","","",""
538,TAPI CANAL AT VILLAGE UMARWADA NEAR GIDC ESTATE OF PANOLI.,CPCB,24,Gujarat,442,Bharuch,ANKLESVAR,-,-,-,-,-,-,-,-,21.58941900,72.97533300,01-02-2021 08:30,317,"","","","",""
539,TAPI CANAL AT VILLAGE UMARWADA NEAR GIDC ESTATE OF PANOLI.,CPCB,24,Gujarat,442,Bharuch,ANKLESVAR,-,-,-,-,-,-,-,-,21.58941900,72.97533300,01-03-2021 08:30,459,"","","","",""
540,TAPI CANAL AT VILLAGE UMARWADA NEAR GIDC ESTATE OF PANOLI.,CPCB,24,Gujarat,442,Bharuch,ANKLESVAR,-,-,-,-,-,-,-,-,21.58941900,72.97533300,01-04-2021 08:30,450,"","","","",""
541,TAPI CANAL AT VILLAGE UMARWADA NEAR GIDC ESTATE OF PANOLI.,CPCB,24,Gujarat,442,Bharuch,ANKLESVAR,-,-,-,-,-,-,-,-,21.58941900,72.97533300,05-05-2021 08:30,457,"","","","",""
542,TAPI CANAL AT VILLAGE UMARWADA NEAR GIDC ESTATE OF PANOLI.,CPCB,24,Gujarat,442,Bharuch,ANKLESVAR,-,-,-,-,-,-,-,-,21.58941900,72.97533300,01-06-2021 08:30,451,"","","","",""
543,TAPI CANAL AT VILLAGE UMARWADA NEAR GIDC ESTATE OF PANOLI.,CPCB,24,Gujarat,442,Bharuch,ANKLESVAR,-,-,-,-,-,-,-,-,21.58941900,72.97533300,01-07-2021 08:30,409,"","","","",""
544,TAPI CANAL AT VILLAGE UMARWADA NEAR GIDC ESTATE OF PANOLI.,CPCB,24,Gujarat,442,Bharuch,ANKLESVAR,-,-,-,-,-,-,-,-,21.58941900,72.97533300,02-08-2021 08:30,460,"","","","",""
545,TAPI CANAL AT VILLAGE UMARWADA NEAR GIDC ESTATE OF PANOLI.,CPCB,24,Gujarat,442,Bharuch,ANKLESVAR,-,-,-,-,-,-,-,-,21.58941900,72.97533300,01-09-2021 08:30,808,"","","","",""
546,TAPI CANAL AT VILLAGE UMARWADA NEAR GIDC ESTATE OF PANOLI.,CPCB,24,Gujarat,442,Bharuch,ANKLESVAR,-,-,-,-,-,-,-,-,21.58941900,72.97533300,01-10-2021 08:30,414,"","","","",""
547,TAPI CANAL AT VILLAGE UMARWADA NEAR GIDC ESTATE OF PANOLI.,CPCB,24,Gujarat,442,Bharuch,ANKLESVAR,-,-,-,-,-,-,-,-,21.58941900,72.97533300,02-11-2021 08:30,459,"","","","",""
548,TAPI CANAL AT VILLAGE UMARWADA NEAR GIDC ESTATE OF PANOLI.,CPCB,24,Gujarat,442,Bharuch,ANKLESVAR,-,-,-,-,-,-,-,-,21.58941900,72.97533300,01-12-2021 08:30,386,"","","","",""
549,TAPI RIVER AT ONGC BRIDGE AT SURAT DIST. SURAT,CPCB,24,Gujarat,459,Surat,SURAT CITY,-,-,-,-,-,-,-,-,21.14891900,72.74368400,03-01-2021 08:30,"","","","","",""
550,TAPI RIVER AT ONGC BRIDGE AT SURAT DIST. SURAT,CPCB,24,Gujarat,459,Surat,SURAT CITY,-,-,-,-,-,-,-,-,21.14891900,72.74368400,04-02-2021 08:30,"","","","","",""
551,TAPI RIVER AT ONGC BRIDGE AT SURAT DIST. SURAT,CPCB,24,Gujarat,459,Surat,SURAT CITY,-,-,-,-,-,-,-,-,21.14891900,72.74368400,03-03-2021 08:30,"","","","","",""
552,TAPI RIVER NEAR BARDOLI (KAPP BRIDGE) BARDOLI,CPCB,24,Gujarat,459,Surat,BARDOLI,-,-,-,-,-,-,-,-,21.22161800,73.17000700,02-01-2021 08:30,"","","","","",""
553,TAPI RIVER NEAR BARDOLI (KAPP BRIDGE) BARDOLI,CPCB,24,Gujarat,459,Surat,BARDOLI,-,-,-,-,-,-,-,-,21.22161800,73.17000700,03-02-2021 08:30,"","","","","",""
554,TAPI RIVER NEAR BARDOLI (KAPP BRIDGE) BARDOLI,CPCB,24,Gujarat,459,Surat,BARDOLI,-,-,-,-,-,-,-,-,21.22161800,73.17000700,01-03-2021 08:30,"","","","","",""
555,THOL TANK (KALOL) (DIST. MEHASANA),CPCB,24,Gujarat,451,Mahesana,KADI,-,-,-,-,-,-,-,-,23.13990800,72.39315800,01-01-2021 08:30,440,"","","","",""
556,THOL TANK (KALOL) (DIST. MEHASANA),CPCB,24,Gujarat,451,Mahesana,KADI,-,-,-,-,-,-,-,-,23.13990800,72.39315800,01-02-2021 08:30,458,"","","","",""
557,THOL TANK (KALOL) (DIST. MEHASANA),CPCB,24,Gujarat,451,Mahesana,KADI,-,-,-,-,-,-,-,-,23.13990800,72.39315800,02-03-2021 08:30,574,"","","","",""
558,THOL TANK (KALOL) (DIST. MEHASANA),CPCB,24,Gujarat,451,Mahesana,KADI,-,-,-,-,-,-,-,-,23.13990800,72.39315800,01-04-2021 08:30,770,"","","","",""
559,THOL TANK (KALOL) (DIST. MEHASANA),CPCB,24,Gujarat,451,Mahesana,KADI,-,-,-,-,-,-,-,-,23.13990800,72.39315800,03-05-2021 08:30,789,"","","","",""
560,THOL TANK (KALOL) (DIST. MEHASANA),CPCB,24,Gujarat,451,Mahesana,KADI,-,-,-,-,-,-,-,-,23.13990800,72.39315800,01-06-2021 08:30,864,"","","","",""
561,THOL TANK (KALOL) (DIST. MEHASANA),CPCB,24,Gujarat,451,Mahesana,KADI,-,-,-,-,-,-,-,-,23.13990800,72.39315800,01-07-2021 08:30,1360,"","","","",""
562,THOL TANK (KALOL) (DIST. MEHASANA),CPCB,24,Gujarat,451,Mahesana,KADI,-,-,-,-,-,-,-,-,23.13990800,72.39315800,03-08-2021 08:30,1232,"","","","",""
563,THOL TANK (KALOL) (DIST. MEHASANA),CPCB,24,Gujarat,451,Mahesana,KADI,-,-,-,-,-,-,-,-,23.13990800,72.39315800,01-09-2021 08:30,1185,"","","","",""
564,THOL TANK (KALOL) (DIST. MEHASANA),CPCB,24,Gujarat,451,Mahesana,KADI,-,-,-,-,-,-,-,-,23.13990800,72.39315800,01-10-2021 08:30,893,"","","","",""
565,THOL TANK (KALOL) (DIST. MEHASANA),CPCB,24,Gujarat,451,Mahesana,KADI,-,-,-,-,-,-,-,-,23.13990800,72.39315800,01-11-2021 08:30,1001,"","","","",""
566,THOL TANK (KALOL) (DIST. MEHASANA),CPCB,24,Gujarat,451,Mahesana,KADI,-,-,-,-,-,-,-,-,23.13990800,72.39315800,01-12-2021 08:30,1272,"","","","",""
567,TRIVENI SANGAM NR. SOMNATH TEMPLE VERAVAL DIST. JUNAGADH.,CPCB,24,Gujarat,448,Junagadh,SUTRAPADA,-,-,-,-,-,-,-,-,20.88232400,70.41406600,01-01-2021 08:30,"","","","","",""
568,TRIVENI SANGAM NR. SOMNATH TEMPLE VERAVAL DIST. JUNAGADH.,CPCB,24,Gujarat,448,Junagadh,SUTRAPADA,-,-,-,-,-,-,-,-,20.88232400,70.41406600,03-02-2021 08:30,"","","","","",""
569,TRIVENI SANGAM NR. SOMNATH TEMPLE VERAVAL DIST. JUNAGADH.,CPCB,24,Gujarat,448,Junagadh,SUTRAPADA,-,-,-,-,-,-,-,-,20.88232400,70.41406600,03-03-2021 08:30,"","","","","",""
570,VADODARA (INDUSTRIAL-NANDESARI),CPCB,24,Gujarat,461,Vadodara,VADODARA,-,-,-,-,-,-,-,-,22.30715800,73.18121900,02-04-2021 08:30,5248,Clear,"",18,"",""
571,VADODARA (INDUSTRIAL-NANDESARI),CPCB,24,Gujarat,461,Vadodara,VADODARA,-,-,-,-,-,-,-,-,22.30715800,73.18121900,01-10-2021 08:30,5050,Other,"",15,"",""
572,VANDKHADI AT VILLAGE UMARWADA TA ANKLESHWAR BHARUCH,CPCB,24,Gujarat,442,Bharuch,ANKLESVAR,-,-,-,-,-,-,-,-,21.62825500,73.01671500,01-01-2021 08:30,"",Other,None,"","",""
573,VANDKHADI AT VILLAGE UMARWADA TA ANKLESHWAR BHARUCH,CPCB,24,Gujarat,442,Bharuch,ANKLESVAR,-,-,-,-,-,-,-,-,21.62825500,73.01671500,01-02-2021 08:30,"",Clear,None,"","",""
574,VANDKHADI AT VILLAGE UMARWADA TA ANKLESHWAR BHARUCH,CPCB,24,Gujarat,442,Bharuch,ANKLESVAR,-,-,-,-,-,-,-,-,21.62825500,73.01671500,01-03-2021 08:30,"",Clear,None,"","",""
575,VANDKHADI AT VILLAGE UMARWADA TA ANKLESHWAR BHARUCH,CPCB,24,Gujarat,442,Bharuch,ANKLESVAR,-,-,-,-,-,-,-,-,21.62825500,73.01671500,01-04-2021 08:30,"",Light Green,None,"","",""
576,VANDKHADI AT VILLAGE UMARWADA TA ANKLESHWAR BHARUCH,CPCB,24,Gujarat,442,Bharuch,ANKLESVAR,-,-,-,-,-,-,-,-,21.62825500,73.01671500,05-05-2021 08:30,"",Clear,None,"","",""
577,VANDKHADI AT VILLAGE UMARWADA TA ANKLESHWAR BHARUCH,CPCB,24,Gujarat,442,Bharuch,ANKLESVAR,-,-,-,-,-,-,-,-,21.62825500,73.01671500,01-06-2021 08:30,"",Other,None,"","",""
578,VANDKHADI AT VILLAGE UMARWADA TA ANKLESHWAR BHARUCH,CPCB,24,Gujarat,442,Bharuch,ANKLESVAR,-,-,-,-,-,-,-,-,21.62825500,73.01671500,01-07-2021 08:30,"",Other,None,"","",""
579,VANDKHADI AT VILLAGE UMARWADA TA ANKLESHWAR BHARUCH,CPCB,24,Gujarat,442,Bharuch,ANKLESVAR,-,-,-,-,-,-,-,-,21.62825500,73.01671500,02-08-2021 08:30,"",Other,None,"","",""
580,VANDKHADI AT VILLAGE UMARWADA TA ANKLESHWAR BHARUCH,CPCB,24,Gujarat,442,Bharuch,ANKLESVAR,-,-,-,-,-,-,-,-,21.62825500,73.01671500,01-09-2021 08:30,"",Other,None,"","",""
581,VANDKHADI AT VILLAGE UMARWADA TA ANKLESHWAR BHARUCH,CPCB,24,Gujarat,442,Bharuch,ANKLESVAR,-,-,-,-,-,-,-,-,21.62825500,73.01671500,01-10-2021 08:30,"",Other,None,"","",""
582,VANDKHADI AT VILLAGE UMARWADA TA ANKLESHWAR BHARUCH,CPCB,24,Gujarat,442,Bharuch,ANKLESVAR,-,-,-,-,-,-,-,-,21.62825500,73.01671500,02-11-2021 08:30,"",Light Brown,None,"","",""
583,VANDKHADI AT VILLAGE UMARWADA TA ANKLESHWAR BHARUCH,CPCB,24,Gujarat,442,Bharuch,ANKLESVAR,-,-,-,-,-,-,-,-,21.62825500,73.01671500,10-12-2021 08:30,"",Other,None,"","",""
584,VAPI INDUSTRIAL AREA IN D/S VAPI,CPCB,24,Gujarat,462,Valsad,PARDI,-,-,-,-,-,-,-,-,20.36513600,72.92202500,01-04-2021 08:30,882,Clear,"","","",""
585,VAPI INDUSTRIAL AREA IN D/S VAPI,CPCB,24,Gujarat,462,Valsad,PARDI,-,-,-,-,-,-,-,-,20.36513600,72.92202500,04-10-2021 08:30,622,Clear,"","","",""
586,VAPI WEIR VAPI DAMAN,CPCB,24,Gujarat,462,Valsad,PARDI,-,-,-,-,-,-,-,-,20.34170900,72.91095300,29-01-2021 08:30,"","","","","",""
587,VAPI WEIR VAPI DAMAN,CPCB,24,Gujarat,462,Valsad,PARDI,-,-,-,-,-,-,-,-,20.34170900,72.91095300,23-02-2021 08:30,"","","","","",""
588,VAPI WEIR VAPI DAMAN,CPCB,24,Gujarat,462,Valsad,PARDI,-,-,-,-,-,-,-,-,20.34170900,72.91095300,25-03-2021 08:30,"","","","","",""
589,VHERAIMATA TALAV AT ANAND,CPCB,24,Gujarat,440,Anand,ANAND,-,-,-,-,-,-,-,-,22.55454200,72.95476400,02-06-2021 08:30,779,"","","","",""
590,VHERAIMATA TALAV AT ANAND,CPCB,24,Gujarat,440,Anand,ANAND,-,-,-,-,-,-,-,-,22.55454200,72.95476400,02-07-2021 08:30,434,"","","","",""
591,VHERAIMATA TALAV AT ANAND,CPCB,24,Gujarat,440,Anand,ANAND,-,-,-,-,-,-,-,-,22.55454200,72.95476400,04-08-2021 08:30,750,"","","","",""
592,VHERAIMATA TALAV AT ANAND,CPCB,24,Gujarat,440,Anand,ANAND,-,-,-,-,-,-,-,-,22.55454200,72.95476400,03-09-2021 08:30,430,"","","","",""
593,VHERAIMATA TALAV AT ANAND,CPCB,24,Gujarat,440,Anand,ANAND,-,-,-,-,-,-,-,-,22.55454200,72.95476400,04-10-2021 08:30,441,"","","","",""
594,VHERAIMATA TALAV AT ANAND,CPCB,24,Gujarat,440,Anand,ANAND,-,-,-,-,-,-,-,-,22.55454200,72.95476400,01-11-2021 08:30,667,"","","","",""
595,VIJAPUR (RANASAN) BOREWELL,CPCB,24,Gujarat,451,Mahesana,VIJAPUR,-,-,-,-,-,-,-,-,23.56714000,72.75064800,01-04-2021 08:30,1765,Clear,"","","",""
596,VIJAPUR (RANASAN) BOREWELL,CPCB,24,Gujarat,451,Mahesana,VIJAPUR,-,-,-,-,-,-,-,-,23.56714000,72.75064800,01-10-2021 08:30,1775,Clear,"","","",""
597,VISHWAMITRI DOWNSTREAM OF AT KHALIPUR VILLAGE BEFORE MEETING JAMBUVA RIVER,CPCB,24,Gujarat,461,Vadodara,VADODARA,-,-,-,-,-,-,-,-,22.20934200,73.16040600,05-01-2021 08:30,"","","","","",""
598,VISHWAMITRI DOWNSTREAM OF AT KHALIPUR VILLAGE BEFORE MEETING JAMBUVA RIVER,CPCB,24,Gujarat,461,Vadodara,VADODARA,-,-,-,-,-,-,-,-,22.20934200,73.16040600,04-02-2021 08:30,"","","","","",""
599,VISHWAMITRI DOWNSTREAM OF AT KHALIPUR VILLAGE BEFORE MEETING JAMBUVA RIVER,CPCB,24,Gujarat,461,Vadodara,VADODARA,-,-,-,-,-,-,-,-,22.20934200,73.16040600,04-03-2021 08:30,"","","","","",""
600,VISHWAMITRI UPSTREAM AT ASOD BRIDGE AT N.H. 8  NEAR GLDEN CHOKDI ASOD VEMALI ROAD,CPCB,24,Gujarat,461,Vadodara,VADODARA,-,-,-,-,-,-,-,-,22.25522700,73.16575400,05-01-2021 08:30,"","","","","",""
601,VISHWAMITRI UPSTREAM AT ASOD BRIDGE AT N.H. 8  NEAR GLDEN CHOKDI ASOD VEMALI ROAD,CPCB,24,Gujarat,461,Vadodara,VADODARA,-,-,-,-,-,-,-,-,22.25522700,73.16575400,04-02-2021 08:30,"","","","","",""
602,VISHWAMITRI UPSTREAM AT ASOD BRIDGE AT N.H. 8  NEAR GLDEN CHOKDI ASOD VEMALI ROAD,CPCB,24,Gujarat,461,Vadodara,VADODARA,-,-,-,-,-,-,-,-,22.25522700,73.16575400,04-03-2021 08:30,"","","","","",""
603,VISNAGAR BOREWELL,CPCB,24,Gujarat,451,Mahesana,VISNAGAR,-,-,-,-,-,-,-,-,23.70000000,72.55000000,01-04-2021 08:30,1245,Clear,"","","",""
604,VISNAGAR BOREWELL,CPCB,24,Gujarat,451,Mahesana,VISNAGAR,-,-,-,-,-,-,-,-,23.70000000,72.55000000,01-10-2021 08:30,1801,Clear,"","","",""
605,WELL AT AHMEDABAD,CPCB,24,Gujarat,438,Ahmedabad,AHMADABAD CITY,-,-,-,-,-,-,-,-,23.02278400,72.57117800,04-04-2021 08:30,2704,Clear,"","","",""
606,WELL AT ANKLESHWAR INDUSTRIAL AREA (BORE WELL OF M/S INDUSTRIAL CARBON AT ANKLESHWAR- RAJPIPLA ROAD,CPCB,24,Gujarat,442,Bharuch,ANKLESVAR,-,-,-,-,-,-,-,-,21.62662500,73.01438600,01-04-2021 08:30,5864,Clear,"","","",""
607,WELL AT ANKLESHWAR INDUSTRIAL AREA (BORE WELL OF M/S INDUSTRIAL CARBON AT ANKLESHWAR- RAJPIPLA ROAD,CPCB,24,Gujarat,442,Bharuch,ANKLESVAR,-,-,-,-,-,-,-,-,21.62662500,73.01438600,08-10-2021 08:30,7630,Clear,"","","",""
608,WELL AT BARODA,CPCB,24,Gujarat,461,Vadodara,VADODARA,-,-,-,-,-,-,-,-,22.30715800,73.18121900,01-04-2021 08:30,1298,Clear,"","","",""
609,WELL AT BARODA,CPCB,24,Gujarat,461,Vadodara,VADODARA,-,-,-,-,-,-,-,-,22.30715800,73.18121900,04-10-2021 08:30,1442,Clear,"",1.3,"",""
610,WELL AT OLPAD.,CPCB,24,Gujarat,459,Surat,OLPAD,-,-,-,-,-,-,-,-,21.34013600,72.75539200,01-04-2021 08:30,14110,Clear,"",4,"",""
611,WELL AT OLPAD.,CPCB,24,Gujarat,459,Surat,OLPAD,-,-,-,-,-,-,-,-,21.34013600,72.75539200,01-10-2021 08:30,13790,Clear,"","","",""
612,WELL AT VILLAGE DADRA,CPCB,24,Gujarat,462,Valsad,VALSAD,-,-,-,-,-,-,-,-,20.31666900,72.96667200,28-09-2021 08:30,2897,Clear,"","","",""
613,WELL AT VILLAGE DUNETHA DAMAN,CPCB,24,Gujarat,441,DAMAN,DAMAN,-,-,-,-,-,-,-,-,20.42677500,72.84709700,28-09-2021 08:30,809,Clear,"","","",""
614,WELL AT VILLAGE KACHIGAM DAMAN,CPCB,24,Gujarat,441,DAMAN,DAMAN,-,-,-,-,-,-,-,-,20.38420300,72.88342300,28-09-2021 08:30,457,Clear,"","","",""
615,WELL AT VILLAGE PIPERIA DADRA,CPCB,24,Gujarat,462,Valsad,VALSAD,-,-,-,-,-,-,-,-,20.31061900,72.96096700,28-09-2021 08:30,2832,Clear,"",1.5,"",""
616,WELL OF BARDOLI AT REST HOUSE.,CPCB,24,Gujarat,459,Surat,BARDOLI,-,-,-,-,-,-,-,-,21.12000100,73.12000100,01-04-2021 08:30,2039,Clear,"","","",""
617,WELL OF BARDOLI AT REST HOUSE.,CPCB,24,Gujarat,459,Surat,BARDOLI,-,-,-,-,-,-,-,-,21.12000100,73.12000100,04-10-2021 08:30,1294,Clear,"","","",""
618,WELL OF IDAR NAGAR PALIKA SAKARIA IDAR,CPCB,24,Gujarat,458,Sabarkantha,BAYAD,-,-,-,-,-,-,-,-,23.82502500,73.00085300,01-04-2021 08:30,382,Clear,"","","",""
619,WELL OF IDAR NAGAR PALIKA SAKARIA IDAR,CPCB,24,Gujarat,458,Sabarkantha,BAYAD,-,-,-,-,-,-,-,-,23.82502500,73.00085300,04-10-2021 08:30,1515,Clear,"","","",""
620,WELL OF MODASA NAGAR PALIKA VARIGRUH MODASA,CPCB,24,Gujarat,458,Sabarkantha,BAYAD,-,-,-,-,-,-,-,-,23.46269400,73.30073100,03-04-2021 08:30,1323,Clear,"","","",""
621,WELL OF MODASA NAGAR PALIKA VARIGRUH MODASA,CPCB,24,Gujarat,458,Sabarkantha,BAYAD,-,-,-,-,-,-,-,-,23.46269400,73.30073100,05-10-2021 08:30,1003,Clear,"","","",""
